time,latitude,longitude,depth,phase,x,y,z,bx,by,Q_x,Q_y,Q_bx,Q_by,P
2026-07-22 19:38:00,55.15628387014261,19.04804693591445,0.0,communicating,113.01080506742855,105.32458582963332,0.0,0.0,0.0,4.0,4.0,6.944444444444444e-05,6.944444444444444e-05,"[[2436.0, 0.0, 0.060000000000000005, 0.0], [0.0, 2436.0, 0.0, 0.060000000000000005], [0.060000000000000005, 0.0, 0.04176666666666667, 0.0], [0.0, 0.060000000000000005, 0.0, 0.04176666666666667]]"
2026-07-22 19:48:00,55.1572325778134,19.049881031158503,0.0,communicating,229.32956738640698,210.63113728798527,0.0,0.0,0.0,4.0,4.0,6.944444444444444e-05,6.944444444444444e-05,"[[19962.826151439524, 14.0041741126665, 25.12022799336297, 7.99433795520893e-05], [14.0041741126665, 19927.671859987022, 0.0002592542973566763, 25.1198009656968], [25.12022799336297, 0.0002592542973566763, 0.08343333333333333, 0.0], [7.99433795520893e-05, 25.1198009656968, 0.0, 0.08343333333333333]]"
2026-07-22 19:58:00,55.15818123534774,19.051768620010385,0.0,communicating,349.0409072037974,315.932123599309,0.0,0.0,0.0,4.0,4.0,6.944444444444444e-05,6.944444444444444e-05,"[[82822.30177563975, 211.70744439381352, 75.28018292283421, 0.03390055678650708], [211.7074443938135, 82264.47974952505, 0.10789814205701277, 75.09235410184826], [75.28018292283421, 0.10789814205701277, 0.1251, 0.0], [0.03390055678650708, 75.09235410184826, 0.0, 0.1251]]"
2026-07-22 20:08:00,55.159129953102415,19.053711049349904,0.0,communicating,472.23024396117256,421.2397943682439,0.0,0.0,0.0,4.0,4.0,6.944444444444444e-05,6.944444444444444e-05,"[[221661.4815395238, 1025.2996782821203, 150.65342165855915, 0.13452935345181527], [1025.2996782821206, 218882.68061577794, 0.43516608970585036, 149.87727145719444], [150.65342165855915, 0.43516608970585036, 0.16676666666666665, 0.0], [0.13452935345181527, 149.87727145719444, 0.0, 0.16676666666666665]]"
2026-07-22 20:18:00,55.1600668939418,19.05569586169755,0.0,communicating,598.1075213066727,525.2402275399487,0.0,0.0,0.0,4.0,4.0,6.944444444444444e-05,6.944444444444444e-05,"[[467524.9498454585, 3114.557241851119, 251.3502218040322, 0.3271721753601169], [3114.5572418511197, 458776.7035819922, 1.0847857149355613, 249.35260334676292], [251.3502218040322, 1.0847857149355613, 0.2084333333333333, 0.0], [0.3271721753601169, 249.35260334676292, 0.0, 0.2084333333333333]]"
2026-07-22 20:19:00,55.16015847029729,19.055897140557136,1.970372198009482,descending,610.8726750815196,535.4052029992483,0.0,0.0,0.0,4.0,4.0,6.944444444444444e-05,6.944444444444444e-05,"[[499089.0367765712, 3462.006935010897, 263.9633402650204, 0.3571280540050184], [3462.0069350108975, 489298.7030833602, 1.1916286328306993, 261.7551802304768], [263.9633402650204, 1.1916286328306993, 0.21259999999999998, 0.0], [0.3571280540050184, 261.7551802304768, 0.0, 0.21259999999999998]]"
2026-07-22 20:20:00,55.160247393888525,19.056093882569026,3.940744396018964,descending,623.3501008822932,545.2757216262887,0.0,0.0,0.0,4.0,4.0,6.944444444444444e-05,6.944444444444444e-05,"[[532205.2065810008, 3830.9523568065533, 276.83079243878353, 0.38783556213409914], [3830.9523568065533, 521298.76405060414, 1.3023729606884087, 274.4027347437048], [276.83079243878353, 1.3023729606884087, 0.21676666666666666, 0.0], [0.38783556213409914, 274.4027347437048, 0.0, 0.21676666666666666]]"
2026-07-22 20:21:00,55.16033418780047,19.05628666340457,5.911116594028446,descending,635.5763079247597,554.9098458522933,0.0,0.0,0.0,4.0,4.0,6.944444444444444e-05,6.944444444444444e-05,"[[566905.285481008, 4220.761076327653, 289.9527128974475, 0.41908642321030837], [4220.761076327654, 554808.3342399816, 1.4165406650873595, 287.29600133406905], [289.9527128974475, 1.4165406650873595, 0.22093333333333334, 0.0], [0.41908642321030837, 287.29600133406905, 0.0, 0.22093333333333334]]"
2026-07-22 20:22:00,55.160419222475745,19.056476030942004,7.881488792037928,descending,647.5860427785444,564.3486948073826,0.0,0.0,0.0,4.0,4.0,6.944444444444444e-05,6.944444444444444e-05,"[[603221.2510469336, 4630.744118329344, 303.3292631945267, 0.4507235153764625], [4630.744118329343, 589858.8272609046, 1.533629504674754, 300.43565103043994], [303.3292631945267, 1.533629504674754, 0.22510000000000002, 0.0], [0.4507235153764625, 300.43565103043994, 0.0, 0.22510000000000002]]"
2026-07-22 20:23:00,55.16050274993338,19.05666245960949,9.85186099004741,descending,659.4093937922112,573.620242604682,0.0,0.0,0.0,4.0,4.0,6.944444444444444e-05,6.944444444444444e-05,"[[641185.345070006, 5060.163601787235, 316.9606565937123, 0.48261996727456163], [5060.163601787234, 626481.5558356036, 1.6531364504453334, 313.8222787169942], [316.9606565937123, 1.6531364504453334, 0.2292666666666667, 0.0], [0.48261996727456163, 313.8222787169942, 0.0, 0.2292666666666667]]"
2026-07-22 20:24:00,55.16058496926446,19.056846410819634,11.822233188056892,descending,671.0756238640627,582.7465883549203,0.0,0.0,0.0,4.0,4.0,6.944444444444444e-05,6.944444444444444e-05,"[[680830.2462416666, 5508.225343745535, 330.8471943263964, 0.5146673634083911], [5508.225343745533, 664707.805368598, 1.7745639692441983, 327.4564265554362], [330.8471943263964, 1.7745639692441983, 0.23343333333333338, 0.0], [0.5146673634083911, 327.4564265554362, 0.0, 0.23343333333333338]]"
2026-07-22 20:25:00,55.160666036335805,19.057028320850783,13.792605386066374,descending,682.6124018724165,591.7450332743331,0.0,0.0,0.0,4.0,4.0,6.944444444444444e-05,6.944444444444444e-05,"[[722188.9925891535, 5974.069880803313, 344.9892385435115, 0.5468011941524517], [5974.069880803311, 704568.7904760016, 1.897389541175543, 341.3385775722815], [344.9892385435115, 1.897389541175543, 0.23760000000000006, 0.0], [0.5468011941524517, 341.3385775722815, 0.0, 0.23760000000000006]]"
2026-07-22 20:26:00,55.16074609538702,19.057208644273672,15.762977584075855,descending,694.0485568025164,600.6315879592067,0.0,0.0,0.0,4.0,4.0,6.944444444444444e-05,6.944444444444444e-05,"[[765295.4813691949, 6456.316688791938, 359.38732224485113, 0.5789672187406756], [6456.316688791934, 746096.351074888, 2.0208850567135324, 355.4693255130945], [359.38732224485113, 2.0208850567135324, 0.24176666666666674, 0.0], [0.5789672187406756, 355.4693255130945, 0.0, 0.24176666666666674]]"
2026-07-22 20:27:00,55.16082524118655,19.05738768463481,17.733349782085337,descending,705.4033396472256,609.4167717071265,0.0,0.0,0.0,4.0,4.0,6.944444444444444e-05,6.944444444444444e-05,"[[810183.9159160192, 6951.251297134259, 374.04200568394356, 0.6114208364976431], [6951.251297134255, 789330.5245649458, 2.1430088395071136, 369.85112657940243], [374.04200568394356, 2.1430088395071136, 0.24593333333333342, 0.0], [0.6114208364976431, 369.85112657940243, 0.0, 0.24593333333333342]]"
2026-07-22 20:28:00,55.160903561203966,19.05756553829713,19.70372198009482,descending,716.6828617667695,618.1102936398763,0.0,0.0,0.0,4.0,4.0,6.944444444444444e-05,6.944444444444444e-05,"[[856883.889868587, 7448.352248351583, 388.9527606893123, 0.6477245948406978], [7448.352248351578, 834360.0439562241, 2.255520506430567, 384.49739686277843], [388.9527606893123, 2.255520506430567, 0.2501000000000001, 0.0], [0.6477245948406978, 384.49739686277843, 0.0, 0.2501000000000001]]"
2026-07-22 20:29:00,55.160980715706806,19.05774211897428,21.6740941781043,descending,727.8816508602532,626.6744434551418,0.0,0.0,0.0,4.0,4.0,6.944444444444444e-05,6.944444444444444e-05,"[[905441.3758296175, 7993.379620126139, 404.1226850531908, 0.7012556494534607], [7993.379620126137, 881131.8739444399, 2.36580950712853, 399.3886416803677], [404.1226850531908, 2.36580950712853, 0.25426666666666675, 0.0], [0.7012556494534607, 399.3886416803677, 0.0, 0.25426666666666675]]"
2026-07-22 20:30:00,55.16105484706851,19.057916995733276,23.644466376113783,descending,738.9723770538333,634.9030246052215,0.0,0.0,0.0,4.0,4.0,6.944444444444444e-05,6.944444444444444e-05,"[[955849.4818510417, 8611.08604801045, 419.5431862974727, 0.7735398631803431], [8611.086048010447, 929684.406897276, 2.4823011409984135, 414.52696586874964], [419.5431862974727, 2.4823011409984135, 0.2584333333333334, 0.0], [0.7735398631803431, 414.52696586874964, 0.0, 0.2584333333333334]]"
2026-07-22 20:31:00,55.1611243518662,19.05808397178997,25.614838574123265,descending,749.562038803736,642.6180571480236,0.0,0.0,0.0,4.0,4.0,6.944444444444444e-05,6.944444444444444e-05,"[[1008223.1697451936, 9245.972249199569, 435.232462475684, 0.832172000651935], [9245.972249199564, 979964.7554311962, 2.6116365079188775, 429.8944997390409], [435.232462475684, 2.6116365079188775, 0.26260000000000006, 0.0], [0.832172000651935, 429.8944997390409, 0.0, 0.26260000000000006]]"
2026-07-22 20:32:00,55.161187413830106,19.05823150762628,27.585210772132747,descending,758.9187970926598,649.6179351416872,0.0,0.0,0.0,4.0,4.0,6.944444444444444e-05,6.944444444444444e-05,"[[1062802.5420262732, 9752.711299299654, 451.23381951571054, 0.8059224965254475], [9752.711299299648, 1031817.8405199473, 2.7625399994322475, 445.45279488797365], [451.23381951571054, 2.7625399994322475, 0.2667666666666667, 0.0], [0.8059224965254475, 445.45279488797365, 0.0, 0.2667666666666667]]"
2026-07-22 20:33:00,55.161237596162415,19.058357195379347,29.55558297014223,descending,766.8899446777535,655.1881740283515,0.0,0.0,0.0,4.0,4.0,6.944444444444444e-05,6.944444444444444e-05,"[[1119446.263657605, 10243.286551075507, 467.50808797233276, 0.7372419965902818], [10243.286551075504, 1085371.47433943, 2.9431967402388195, 461.22568823561517], [467.50808797233276, 2.9431967402388195, 0.27093333333333336, 0.0], [0.7372419965902818, 461.22568823561517, 0.0, 0.27093333333333336]]"
2026-07-22 20:34:00,55.16127240871414,19.058459841479213,31.52595516815171,descending,773.3997850645435,659.0523672692544,0.0,0.0,0.0,4.0,4.0,6.944444444444444e-05,6.944444444444444e-05,"[[1178111.081391315, 10769.564666396098, 484.0389637958192, 0.6433107580971388], [10769.564666396094, 1140692.530783795, 3.1585103035997295, 477.2227280761338], [484.0389637958192, 3.1585103035997295, 0.2751, 0.0], [0.6433107580971388, 477.2227280761338, 0.0, 0.2751]]"
2026-07-22 20:35:00,55.16129678364848,19.05854285466072,33.496327366161196,descending,778.6645010383816,661.7579849812809,0.0,0.0,0.0,4.0,4.0,6.944444444444444e-05,6.944444444444444e-05,"[[1238756.035969466, 11200.130902643665, 500.81173514423944, 0.5596368521918398], [11200.13090264366, 1198206.3567365222, 3.3202585808774905, 493.52674693301174], [500.81173514423944, 3.3202585808774905, 0.27926666666666666, 0.0], [0.5596368521918398, 493.52674693301174, 0.0, 0.27926666666666666]]"
2026-07-22 20:36:00,55.161311775624426,19.05860680786798,35.46669956417068,descending,782.7204288532915,663.4220943113148,0.0,0.0,0.0,4.0,4.0,6.944444444444444e-05,6.944444444444444e-05,"[[1301382.1740710319, 11495.718464844093, 517.8211021119647, 0.49585820258954766], [11495.718464844089, 1258063.263083126, 3.4059429644119397, 510.15911083114366], [517.8211021119647, 3.4059429644119397, 0.2834333333333333, 0.0], [0.49585820258954766, 510.15911083114366, 0.0, 0.2834333333333333]]"
2026-07-22 20:37:00,55.161322838111424,19.058661763210743,37.43707176218017,descending,786.2057099331546,664.6500303683283,0.0,0.0,0.0,4.0,4.0,6.944444444444444e-05,6.944444444444444e-05,"[[1365956.7469476992, 11737.632828304191, 535.055584585642, 0.4581470814759847], [11737.632828304186, 1320120.607059728, 3.4443982188437166, 527.0812440640515], [535.055584585642, 3.4443982188437166, 0.28759999999999997, 0.0], [0.4581470814759847, 527.0812440640515, 0.0, 0.28759999999999997]]"
2026-07-22 20:38:00,55.1613328228868,19.058713110885147,39.40744396018965,descending,789.4621918164854,665.7583404341946,0.0,0.0,0.0,4.0,4.0,6.944444444444444e-05,6.944444444444444e-05,"[[1432463.9932961185, 11973.639974380825, 552.5077477503373, 0.450536056290002], [11973.63997438082, 1384310.6493620772, 3.451228334709121, 544.271858319667], [552.5077477503373, 3.451228334709121, 0.2917666666666666, 0.0], [0.450536056290002, 544.271858319667, 0.0, 0.2917666666666666]]"
2026-07-22 20:39:00,55.161341873086236,19.058761071070023,41.37781615819914,descending,792.5038382976976,666.762912572509,0.0,0.0,0.0,4.0,4.0,6.944444444444444e-05,6.944444444444444e-05,"[[1500922.7797473075, 12212.591887478278, 570.1771854169576, 0.47582107745500846], [12212.591887478273, 1450671.9017383042, 3.4271391968027642, 561.7316093682263], [570.1771854169576, 3.4271391968027642, 0.29593333333333327, 0.0], [0.47582107745500846, 561.7316093682263, 0.0, 0.29593333333333327]]"
2026-07-22 20:40:00,55.161351024908775,19.05880714782217,43.348188356208624,descending,795.4260370214483,667.7787648742476,0.0,0.0,0.0,4.0,4.0,6.944444444444444e-05,6.944444444444444e-05,"[[1571434.1095686604, 12518.480341537166, 588.0787530747434, 0.5413479321953579], [12518.48034153716, 1519224.932974184, 3.3884986660222767, 579.4575902088247], [588.0787530747434, 3.3884986660222767, 0.3000999999999999, 0.0], [0.5413479321953579, 579.4575902088247, 0.0, 0.3000999999999999]]"
2026-07-22 20:41:00,55.161360277823434,19.05885135243206,45.31856055421811,descending,798.2295040322596,668.8058384014029,0.0,0.0,0.0,4.0,4.0,6.944444444444444e-05,6.944444444444444e-05,"[[1644015.2137480048, 12899.695127691004, 606.2110043038434, 0.6496767427282213], [12899.695127691, 1590009.520051341, 3.3345667034847115, 597.4507882449586], [606.2110043038434, 3.3345667034847115, 0.3042666666666666, 0.0], [0.6496767427282213, 597.4507882449586, 0.0, 0.3042666666666666]]"
2026-07-22 20:42:00,55.16136965960289,19.058893878154255,47.288932752227595,descending,800.9264955807597,669.8472159205363,0.0,0.0,0.0,4.0,4.0,6.944444444444444e-05,6.944444444444444e-05,"[[1718696.681958666, 13348.113821593679, 624.5750032791198, 0.7971570469287372], [13348.113821593673, 1663057.985497889, 3.264598968965581, 615.7107510825234], [624.5750032791198, 3.264598968965581, 0.3084333333333332, 0.0], [0.7971570469287372, 615.7107510825234, 0.0, 0.3084333333333332]]"
2026-07-22 20:43:00,55.161379286071586,19.058935493953282,49.25930495023708,descending,803.5657795826371,670.9157539463137,0.0,0.0,0.0,4.0,4.0,6.944444444444444e-05,6.944444444444444e-05,"[[1795556.8331733267, 13796.860194544106, 643.1802884110863, 0.9591591128614821], [13796.8601945441, 1738376.3065246446, 3.1777855027636224, 634.2322799780592], [643.1802884110863, 3.1777855027636224, 0.3125999999999999, 0.0], [0.9591591128614821, 634.2322799780592, 0.0, 0.3125999999999999]]"
2026-07-22 20:44:00,55.16138915467116,19.058976212146053,51.229677148246566,descending,806.1481371797265,672.0111684988517,0.0,0.0,0.0,4.0,4.0,6.944444444444444e-05,6.944444444444444e-05,"[[1874618.7821894162, 14245.103941281117, 662.0260656973767, 1.1363719255007354], [14245.103941281111, 1816001.9234491936, 3.0732605646005196, 653.0161221916558], [662.0260656973767, 3.0732605646005196, 0.31676666666666653, 0.0], [1.1363719255007354, 653.0161221916558, 0.0, 0.31676666666666653]]"
2026-07-22 20:45:00,55.1613992628987,19.059016045096957,53.20004934625605,descending,808.6743525239827,673.1331817550074,0.0,0.0,0.0,4.0,4.0,6.944444444444444e-05,6.944444444444444e-05,"[[1955905.2178834602, 14691.986919162347, 681.1115164290015, 1.3294963718408337], [14691.986919162344, 1895972.6654690653, 2.9501446268065226, 672.0630425228323], [681.1115164290015, 2.9501446268065226, 0.3209333333333332, 0.0], [1.3294963718408337, 672.0630425228323, 0.0, 0.3209333333333332]]"
2026-07-22 20:46:00,55.16141037210424,19.05905331931398,55.17042154426554,descending,811.0382923490872,674.3663035705305,0.0,0.0,0.0,4.0,4.0,6.944444444444444e-05,6.944444444444444e-05,"[[2039407.8721813175, 15163.203791998574, 700.4305715093013, 1.5452119494798005], [15163.20379199857, 1978261.876930538, 2.8108129866695175, 691.3625462550701], [700.4305715093013, 2.8108129866695175, 0.32509999999999983, 0.0], [1.5452119494798005, 691.3625462550701, 0.0, 0.32509999999999983]]"
2026-07-22 20:47:00,55.16142266823613,19.05908766654617,57.14079374227502,descending,813.2166020909259,675.7311742097125,0.0,0.0,0.0,4.0,4.0,6.944444444444444e-05,6.944444444444444e-05,"[[2125138.0522116157, 15667.7451331669, 719.9808305136914, 1.7859709868701543], [15667.745133166896, 2062884.1332560012, 2.655582194138218, 710.9118559585295], [719.9808305136914, 2.655582194138218, 0.3292666666666665, 0.0], [1.7859709868701543, 710.9118559585295, 0.0, 0.3292666666666665]]"
2026-07-22 20:48:00,55.161436150102546,19.059119136131283,59.11116594028451,descending,815.2124107616544,677.2276613826293,0.0,0.0,0.0,4.0,4.0,6.944444444444444e-05,6.944444444444444e-05,"[[2213113.617863236, 16208.698598204548, 739.761125569331, 2.0528027703183174], [16208.698598204546, 2149868.7902196883, 2.484024177890308, 730.710862336114], [739.761125569331, 2.484024177890308, 0.33343333333333314, 0.0], [2.0528027703183174, 730.710862336114, 0.0, 0.33343333333333314]]"
2026-07-22 20:49:00,55.16145081659424,19.05914777783027,61.08153813829399,descending,817.0288742129352,678.8556419603531,0.0,0.0,0.0,4.0,4.0,6.944444444444444e-05,6.944444444444444e-05,"[[2303351.8971340866, 16789.3477456508, 759.7702672387557, 2.3467485760397735], [16789.347745650797, 2239245.097293841, 2.2957240372861576, 750.759443983445], [759.7702672387557, 2.2957240372861576, 0.3375999999999998, 0.0], [2.3467485760397735, 750.759443983445, 0.0, 0.3375999999999998]]"
2026-07-22 20:50:00,55.161465820254136,19.059169903553496,63.05191033630348,descending,818.4320929112929,680.5210482086795,0.0,0.0,0.0,4.0,4.0,6.944444444444444e-05,6.944444444444444e-05,"[[2395933.712285555, 17196.666652745153, 780.0177810121538, 2.586088572017265], [17196.666652745153, 2330929.832936217, 2.101755784977378, 771.0389582108141], [780.0177810121538, 2.101755784977378, 0.34176666666666644, 0.0], [2.586088572017265, 771.0389582108141, 0.0, 0.34176666666666644]]"
2026-07-22 20:51:00,55.16148107673004,19.059185138897266,65.02228253431296,descending,819.3983220842302,682.2145170342387,0.0,0.0,0.0,4.0,4.0,6.944444444444444e-05,6.944444444444444e-05,"[[2490890.8982041767, 17384.530769448807, 800.504590061561, 2.7573773773528334], [17384.530769448804, 2424930.1963410303, 1.9033553617355328, 791.5465709611419], [800.504590061561, 1.9033553617355328, 0.3459333333333331, 0.0], [2.7573773773528334, 791.5465709611419, 0.0, 0.3459333333333331]]"
2026-07-22 20:52:00,55.16149659683875,19.059193526777037,66.99265473232245,descending,819.9302834404439,683.9372491014154,0.0,0.0,0.0,4.0,4.0,6.944444444444444e-05,6.944444444444444e-05,"[[2588248.7270355304, 17328.278890788628, 821.2304822303421, 2.856024301130716], [17328.27889078862, 2521265.1627034484, 1.7004942133236092, 812.2815026339215], [821.2304822303421, 1.7004942133236092, 0.35009999999999974, 0.0], [2.856024301130716, 812.2815026339215, 0.0, 0.35009999999999974]]"
2026-07-22 20:53:00,55.161512391383944,19.059195110191258,68.96302693033194,descending,820.030703951839,685.6904436174555,0.0,0.0,0.0,4.0,4.0,6.944444444444444e-05,6.944444444444444e-05,"[[2688032.603786739, 17002.063900105793, 842.1952605204322, 2.8773204284095026], [17002.063900105786, 2619953.5664629033, 1.493142916116272, 833.2429951287685], [842.1952605204322, 1.493142916116272, 0.3542666666666664, 0.0], [2.8773204284095026, 833.2429951287685, 0.0, 0.3542666666666664]]"
2026-07-22 20:54:00,55.16152804418855,19.059188890591894,70.93339912834142,descending,819.6362554616821,687.427904928977,0.0,0.0,0.0,4.0,4.0,6.944444444444444e-05,6.944444444444444e-05,"[[2790244.220847429, 16467.321405024348, 863.3949358120457, 2.846897468054927], [16467.32140502434, 2721037.418856125, 1.2784661451120543, 854.4339565217707], [863.3949358120457, 1.2784661451120543, 0.35843333333333305, 0.0], [2.846897468054927, 854.4339565217707, 0.0, 0.35843333333333305]]"
2026-07-22 20:55:00,55.16154303281046,19.05917353927958,72.9037713263509,descending,818.6626715356695,689.0916419602108,0.0,0.0,0.0,4.0,4.0,6.944444444444444e-05,6.944444444444444e-05,"[[2894874.214598726, 15826.013493662584, 884.8239975438166, 2.802635873578455], [15826.013493662573, 2824566.0099547375, 1.0526052884360482, 875.8582533511237], [884.8239975438166, 1.0526052884360482, 0.3625999999999997, 0.0], [2.802635873578455, 875.8582533511237, 0.0, 0.3625999999999997]]"
2026-07-22 20:56:00,55.16155740277396,19.05914908497413,74.87414352436039,descending,817.1117735914162,690.68670790899,0.0,0.0,0.0,4.0,4.0,6.944444444444444e-05,6.944444444444444e-05,"[[3001942.335705543, 15071.281498790817, 906.4817725825221, 2.7437608930547954], [15071.281498790806, 2930558.2510768385, 0.8153061783820227, 897.5149028944339], [906.4817725825221, 0.8153061783820227, 0.36676666666666635, 0.0], [2.7437608930547954, 897.5149028944339, 0.0, 0.36676666666666635]]"
2026-07-22 20:57:00,55.16157119973137,19.059115556948466,76.84451572236988,descending,814.9854181251028,692.2181701818494,0.0,0.0,0.0,4.0,4.0,6.944444444444444e-05,6.944444444444444e-05,"[[3111468.1510862145, 14196.003028571035, 928.3675948818495, 2.669467539114381], [14196.003028571025, 3039032.613442482, 0.5663181594660227, 919.4029086519497], [928.3675948818495, 0.5663181594660227, 0.370933333333333, 0.0], [2.669467539114381, 919.4029086519497, 0.0, 0.370933333333333]]"
2026-07-22 20:58:00,55.16158446945589,19.059072985009955,78.81488792037936,descending,812.2854955265208,693.6911096032327,0.0,0.0,0.0,4.0,4.0,6.944444444444444e-05,6.944444444444444e-05,"[[3223471.0524191028, 13192.789999888999, 950.4808060300481, 2.578921258659653], [13192.789999888988, 3150007.1273651957, 0.30539424957925276, 941.5212609685526], [950.4808060300481, 0.30539424957925276, 0.37509999999999966, 0.0], [2.578921258659653, 941.5212609685526, 0.0, 0.37509999999999966]]"
2026-07-22 20:59:00,55.16159760009362,19.059027809932267,80.78526011838885,descending,809.4204812143466,695.1486103920952,0.0,0.0,0.0,4.0,4.0,6.944444444444444e-05,6.944444444444444e-05,"[[3338133.4587820363, 12069.1287573698, 972.844359806192, 2.4827010857819447], [12069.12875736979, 3263613.128942512, 0.025301387619829915, 963.885647845203], [972.844359806192, 0.025301387619829915, 0.3792666666666663, 0.0], [2.4827010857819447, 963.885647845203, 0.0, 0.3792666666666663]]"
2026-07-22 21:00:00,55.161611167383214,19.058991285167405,82.75563231639833,descending,807.1040718257027,696.6545795363065,0.0,0.0,0.0,4.0,4.0,6.944444444444444e-05,6.944444444444444e-05,"[[3455782.355750065, 10846.287205371977, 995.50070911201, 2.4011543432916636], [10846.28720537197, 3380084.576332782, -0.28709065755438595, 986.5258245076498], [995.50070911201, -0.28709065755438595, 0.38343333333333296, 0.0], [2.4011543432916636, 986.5258245076498, 0.0, 0.38343333333333296]]"
2026-07-22 21:01:00,55.16162511417387,19.058963448324587,84.72600451440782,descending,805.3386525466817,698.2026732994494,0.0,0.0,0.0,4.0,4.0,6.944444444444444e-05,6.944444444444444e-05,"[[3576473.8538614186, 9520.411720452332, 1018.4518595417481, 2.335174906307253], [9520.411720452326, 3499467.5123895844, -0.6330113444137806, 1009.4430260581237], [1018.4518595417481, -0.6330113444137806, 0.3875999999999996, 0.0], [2.335174906307253, 1009.4430260581237, 0.0, 0.3875999999999996]]"
2026-07-22 21:02:00,55.16163931410582,19.058944481233233,86.6963767124173,descending,804.135755042823,699.7788657455282,0.0,0.0,0.0,4.0,4.0,6.944444444444444e-05,6.944444444444444e-05,"[[3700274.3840529877, 8088.818925466165, 1041.7011512532836, 2.2860895717816954], [8088.81892546616, 3621805.319388885, -1.0137630976097607, 1032.6380399292243], [1041.7011512532836, -1.0137630976097607, 0.39176666666666626, 0.0], [2.2860895717816954, 1032.6380399292243, 0.0, 0.39176666666666626]]"
2026-07-22 21:03:00,55.16165370341539,19.058934371092807,88.66674891042679,descending,803.4945675008466,701.3760791079343,0.0,0.0,0.0,4.0,4.0,6.944444444444444e-05,6.944444444444444e-05,"[[3827243.009306958, 6546.955468051193, 1065.2507305223164, 2.2547351965242344], [6546.955468051188, 3747143.1131392033, -1.4306737231096098, 1056.1118491124646], [1065.2507305223164, -1.4306737231096098, 0.3959333333333329, 0.0], [2.2547351965242344, 1056.1118491124646, 0.0, 0.3959333333333329]]"
2026-07-22 21:13:00,55.16179747396216,19.058835333949602,88.66674891042679,parking,797.2136080148324,717.3346097994287,0.0,0.0,0.0,4.0,4.0,6.944444444444444e-05,6.944444444444444e-05,"[[5254343.568872697, -12155.86755501426, 1303.2722193472762, 1.9275219848013758], [-12155.867555014265, 5156745.785639202, -5.683078909978961, 1293.341512109783], [1303.2722193472762, -5.683078909978961, 0.4375999999999996, 0.0], [1.9275219848013758, 1293.341512109783, 0.0, 0.4375999999999996]]"
2026-07-22 21:23:00,55.161940007805,19.058756904358788,88.66674891042679,parking,792.2395844671113,733.1558663553409,0.0,0.0,0.0,4.0,4.0,6.944444444444444e-05,6.944444444444444e-05,"[[6985230.787650596, -40131.02033158969, 1566.5911400697223, 1.4438697645622722], [-40131.020331589694, 6865101.3009573305, -10.751900803107759, 1555.4846175990913], [1566.5911400697223, -10.751900803107759, 0.4792666666666663, 0.0], [1.4438697645622722, 1555.4846175990913, 0.0, 0.4792666666666663]]"
2026-07-22 21:33:00,55.16208124884549,19.05869903286005,88.66674891042679,parking,788.5693600726073,748.8336218487874,0.0,0.0,0.0,4.0,4.0,6.944444444444444e-05,6.944444444444444e-05,"[[9051681.643713742, -79232.94214900324, 1855.298364157199, 0.755532400928827], [-79232.94214900324, 8901935.404856252, -16.684311287282764, 1842.5323224659166], [1855.298364157199, -16.684311287282764, 0.5209333333333329, 0.0], [0.755532400928827, 1842.5323224659166, 0.0, 0.5209333333333329]]"
2026-07-22 21:43:00,55.1622211447057,19.0586616794962,88.66674891042679,parking,786.2004007366013,764.3620623326154,0.0,0.0,0.0,4.0,4.0,6.944444444444444e-05,6.944444444444444e-05,"[[11485937.559389219, -131502.01483978395, 2169.4969160210367, -0.1941431490092322], [-131502.01483978395, 11296966.387635933, -23.520137219549706, 2154.477473420402], [2169.4969160210367, -23.520137219549706, 0.5625999999999995, 0.0], [-0.1941431490092322, 2154.477473420402, 0.0, 0.5625999999999995]]"
2026-07-22 21:53:00,55.16235964669414,19.058644813904465,88.66674891042679,parking,785.1307808447425,779.7357830498865,0.0,0.0,0.0,4.0,4.0,6.944444444444444e-05,6.944444444444444e-05,"[[14320762.697245892, -199171.54501089154, 2509.30216611787, -1.4707508872820787], [-199171.54501089154, 14079916.286707968, -31.291887109106373, 2491.3149992066883], [2509.30216611787, -31.291887109106373, 0.6042666666666662, 0.0], [-1.4707508872820787, 2491.3149992066883, 0.0, 0.6042666666666662]]"
2026-07-22 22:03:00,55.16249670977413,19.058648415411387,88.66674891042679,parking,785.3591892817157,794.9497849282141,0.0,0.0,0.0,4.0,4.0,6.944444444444444e-05,6.944444444444444e-05,"[[17589504.028665546, -284676.0398434667, 2874.842029557178, -3.1493331288152833], [-284676.0398434668, 17280523.79670614, -40.02477324111365, 2853.04228884498], [2874.842029557178, -40.02477324111365, 0.6459333333333328, 0.0], [-3.1493331288152833, 2853.04228884498, 0.0, 0.6459333333333328]]"
2026-07-22 22:13:00,55.16263143516041,19.058672851600708,88.66674891042679,parking,786.9089382964156,809.904302804744,0.0,0.0,0.0,4.0,4.0,6.944444444444444e-05,6.944444444444444e-05,"[[21326777.421811618, -390520.43292842957, 3266.3036799772217, -5.271485254723869], [-390520.43292842957, 20927758.085270472, -49.75817096715302, 3239.599017904904], [3266.3036799772217, -49.75817096715302, 0.6875999999999994, 0.0], [-5.271485254723869, 3239.599017904904, 0.0, 0.6875999999999994]]"
2026-07-22 22:23:00,55.16276177147159,19.058719024103116,88.66674891042679,parking,789.8372095247848,824.3716333462992,0.0,0.0,0.0,4.0,4.0,6.944444444444444e-05,6.944444444444444e-05,"[[25569350.87485795, -519094.3354653748, 3683.976760470098, -7.802913798034768], [-519094.3354653748, 25048831.396040842, -60.566243258402864, 3650.8146684613653], [3683.976760470098, -60.566243258402864, 0.7292666666666661, 0.0], [-7.802913798034768, 3650.8146684613653, 0.0, 0.7292666666666661]]"
2026-07-22 22:33:00,55.16288766366907,19.05878697807187,88.66674891042679,parking,794.1468665972607,838.3456672664505,0.0,0.0,0.0,4.0,4.0,6.944444444444444e-05,6.944444444444444e-05,"[[30353909.795523856, -673194.526924898, 4128.074083669823, -10.800712502142877], [-673194.526924898, 29672180.377450038, -72.47526619217284, 4086.6420521782234], [4128.074083669823, -72.47526619217284, 0.7709333333333327, 0.0], [-10.800712502142877, 4086.6420521782234, 0.0, 0.7709333333333327]]"
2026-07-22 22:43:00,55.163009060339704,19.058876772944156,88.66674891042679,parking,799.8416790346841,851.8206977070939,0.0,0.0,0.0,4.0,4.0,6.944444444444444e-05,6.944444444444444e-05,"[[35718197.59896438, -855213.487612364, 4598.825057371223, -14.254574588558471], [-855213.4876123638, 34825273.3744698, -85.50583940661826, 4546.98275087844], [4598.825057371223, -85.50583940661826, 0.8125999999999993, 0.0], [-14.254574588558471, 4546.98275087844, 0.0, 0.8125999999999993]]"
2026-07-22 22:53:00,55.16312591365891,19.058988482612197,88.66674891042679,parking,806.9263330991186,864.7914161385802,0.0,0.0,0.0,4.0,4.0,6.944444444444444e-05,6.944444444444444e-05,"[[41701141.1020976, -1067962.8072361725, 5096.477878683037, -18.204324924062366], [-1067962.8072361725, 40535557.826337405, -99.674036337492, 5031.758105046313], [5096.477878683037, -99.674036337492, 0.854266666666666, 0.0], [-18.204324924062366, 5031.758105046313, 0.0, 0.854266666666666]]"
2026-07-22 23:03:00,55.16323817935813,19.059122195602423,88.66674891042679,parking,815.4064431586703,877.2529087523757,0.0,0.0,0.0,4.0,4.0,6.944444444444444e-05,6.944444444444444e-05,"[[48342936.41977847, -1314384.0955576831, 5621.299160376047, -22.695134391024304], [-1314384.0955576831, 46830145.08608877, -114.99106604057242, 5540.885992278903], [5621.299160376047, -114.99106604057242, 0.8959333333333326, 0.0], [-22.695134391024304, 5540.885992278903, 0.0, 0.8959333333333326]]"
2026-07-22 23:13:00,55.16334552903549,19.059276856007475,88.66674891042679,parking,825.215043313703,889.1687229390607,0.0,0.0,0.0,4.0,4.0,6.944444444444444e-05,6.944444444444444e-05,"[[55683643.86505603, -1597648.91788761, 6173.492959926092, -27.73217678621288], [-1597648.9178876102, 53734330.432228096, -131.52084489846428, 6074.198385644394], [6173.492959926092, -131.52084489846428, 0.9375999999999992, 0.0], [-27.73217678621288, 6074.198385644394, 0.0, 0.9375999999999992]]"
2026-07-22 23:23:00,55.16344724561147,19.05944987093612,88.66674891042679,parking,836.1876917778154,900.4592628730708,0.0,0.0,0.0,4.0,4.0,6.944444444444444e-05,6.944444444444444e-05,"[[63761685.078612104, -1921285.4859401986, 6753.137785387957, -33.249836890809085], [-1921285.4859401986, 61270124.831528805, -149.4227225798251, 6631.381490737369], [6753.137785387957, -149.4227225798251, 0.9792666666666658, 0.0], [-33.249836890809085, 6631.381490737369, 0.0, 0.9792666666666658]]"
2026-07-22 23:33:00,55.16354328557202,19.059641355268564,88.66674891042679,parking,848.3316742812733,911.1196984938396,0.0,0.0,0.0,4.0,4.0,6.944444444444444e-05,6.944444444444444e-05,"[[72619550.22852725, -2288675.893642595, 7360.497655226121, -39.27067816055599], [-2288675.8936425946, 69461553.07546404, -168.7306638468309, 7212.2820689024165], [7360.497655226121, -168.7306638468309, 1.0209333333333326, 0.0], [-39.27067816055599, 7212.2820689024165, 0.0, 1.0209333333333326]]"
2026-07-22 23:43:00,55.16363360838578,19.059851433345617,88.66674891042679,parking,861.654876548093,921.145530821586,0.0,0.0,0.0,4.0,4.0,6.944444444444444e-05,6.944444444444444e-05,"[[82301074.9827396, -2703308.2038565422, 7995.851431404122, -45.817328606799784], [-2703308.2038565422, 78331925.78125843, -189.47602876995833, 7816.737607095001], [7995.851431404122, -189.47602876995833, 1.0625999999999993, 0.0], [-45.817328606799784, 7816.737607095001, 0.0, 1.0625999999999993]]"
2026-07-22 23:53:00,55.163718176510926,19.060080239096177,88.66674891042679,parking,876.1657923813015,930.5325927127407,0.0,0.0,0.0,4.0,4.0,6.944444444444444e-05,6.944444444444444e-05,"[[92851525.86532483, -3168772.1263373955, 8659.49305960336, -52.9124484147542], [-3168772.1263373955, 87903800.87876186, -211.6875360975513, 8444.576243780155], [8659.49305960336, -211.6875360975513, 1.104266666666666, 0.0], [-52.9124484147542, 8444.576243780155, 0.0, 1.104266666666666]]"
2026-07-23 00:03:00,55.163796955403456,19.060327916170678,88.66674891042679,parking,891.8735321261163,939.2770497835139,0.0,0.0,0.0,4.0,4.0,6.944444444444444e-05,6.944444444444444e-05,"[[104317688.76053226, -3688754.332603074, 9351.73181856025, -60.57869081786867], [-3688754.332603074, 98198945.08767496, -235.3912187816653, 9095.61668883284], [9351.73181856025, -235.3912187816653, 1.1459333333333328, 0.0], [-60.57869081786867, 9095.61668883284, 0.0, 1.1459333333333328]]"
2026-07-23 00:13:00,55.16386949329852,19.060591824309917,88.66674891042679,parking,908.6106499076884,947.3287561353438,0.0,0.0,0.0,4.0,4.0,6.944444444444444e-05,6.944444444444444e-05,"[[116742674.0137427, -4269019.638253881, 10072.668280558575, -68.85469032603152], [-4269019.638253881, 109240736.05260307, -260.7689686604624, 9769.770500882492], [10072.668280558575, -260.7689686604624, 1.1875999999999995, 0.0], [-68.85469032603152, 9769.770500882492, 0.0, 1.1875999999999995]]"
2026-07-23 00:23:00,55.16393477877355,19.06086556985168,88.66674891042679,parking,925.9716581276164,954.5754438643172,0.0,0.0,0.0,4.0,4.0,6.944444444444444e-05,6.944444444444444e-05,"[[130161221.46596588, -4919172.94684779, 10822.042500198164, -77.8087816900246], [-4919172.946847789, 121056362.31449533, -288.2616736163543, 10467.11378459773], [10822.042500198164, -288.2616736163543, 1.2292666666666663, 0.0], [-77.8087816900246, 10467.11378459773, 0.0, 1.2292666666666663]]"
2026-07-23 00:33:00,55.16399279045108,19.061149245435796,88.66674891042679,parking,943.9624320264047,961.0147400699341,0.0,0.0,0.0,4.0,4.0,6.944444444444444e-05,6.944444444444444e-05,"[[144619532.50615782, -5645203.87234483, 11600.085575912493, -87.47731503152484], [-5645203.872344829, 133667659.01116093, -317.96605287929975, 11187.498144495934], [11600.085575912493, -317.96605287929975, 1.270933333333333, 0.0], [-87.47731503152484, 11187.498144495934, 0.0, 1.270933333333333]]"
2026-07-23 00:43:00,55.16404350842222,19.06144294667198,88.66674891042679,parking,962.589035195197,966.644434865983,0.0,0.0,0.0,4.0,4.0,6.944444444444444e-05,6.944444444444444e-05,"[[160164984.3830126, -6453431.038473076, 12407.037308149069, -97.89849497033521], [-6453431.038473074, 147095870.59437338, -349.9801582241756, 11930.770325132415], [12407.037308149069, -349.9801582241756, 1.3125999999999998, 0.0], [-97.89849497033521, 11930.770325132415, 0.0, 1.3125999999999998]]"
2026-07-23 00:53:00,55.164086914236044,19.061746772213763,88.66674891042679,parking,981.8577242643237,971.462480200739,0.0,0.0,0.0,4.0,4.0,6.944444444444444e-05,6.944444444444444e-05,"[[176846187.00546312, -7350515.416306571, 13243.146416492624, -109.11253185994545], [-7350515.41630657, 161361639.13733017, -384.4034150722834, 12696.77235542634], [13243.146416492624, -384.4034150722834, 1.3542666666666665, 0.0], [-109.11253185994545, 12696.77235542634, 0.0, 1.3542666666666665]]"
2026-07-23 01:03:00,55.16412299088701,19.062060823836717,88.66674891042679,parking,1001.7749538655953,975.4669884577331,0.0,0.0,0.0,4.0,4.0,6.944444444444444e-05,6.944444444444444e-05,"[[194700257.5199136, -8338056.3729016725, 14108.214403989403, -121.15803989685078], [-8338056.372901672, 176484555.4459886, -420.9692958632995, 13485.33867245468], [14108.214403989403, -420.9692958632995, 1.3959333333333332, 0.0], [-121.15803989685078, 13485.33867245468, 0.0, 1.3959333333333332]]"
2026-07-23 01:13:00,55.16415128714442,19.062382586057875,88.66674891042679,parking,1022.1811914628804,978.6078730306285,0.0,0.0,0.0,4.0,4.0,6.944444444444444e-05,6.944444444444444e-05,"[[213759990.36449578, -9421794.366901021, 15001.919228298502, -134.06888442737227], [-9421794.36690102, 192495765.54383054, -459.7343252949386, 14296.737095627406], [15001.919228298502, -459.7343252949386, 1.4376, 0.0], [-134.06888442737227, 14296.737095627406, 0.0, 1.4376]]"
2026-07-23 01:23:00,55.164170768199455,19.062706017617877,88.66674891042679,parking,1042.6932989316817,980.7702701391217,0.0,0.0,0.0,4.0,4.0,6.944444444444444e-05,6.944444444444444e-05,"[[234052181.8132163, -10616165.674852876, 15923.779895536682, -147.8727920396371], [-10616165.674852878, 209447689.9310581, -501.32979583889164, 15131.937975579185], [15923.779895536682, -501.32979583889164, 1.4792666666666667, 0.0], [-147.8727920396371, 15131.937975579185, 0.0, 1.4792666666666667]]"
2026-07-23 01:33:00,55.16418142245951,19.063031156320488,88.66674891042679,parking,1063.3136737963157,981.9528930048386,0.0,0.0,0.0,4.0,4.0,6.944444444444444e-05,6.944444444444444e-05,"[[255618982.11233744, -11928954.635792667, 16873.877320460004, -162.61723712064384], [-11928954.635792669, 227368139.87147257, -545.8427157224285, 15990.958093397554], [16873.877320460004, -545.8427157224285, 1.5209333333333335, 0.0], [-162.61723712064384, 15990.958093397554, 0.0, 1.5209333333333335]]"
2026-07-23 01:43:00,55.16418323745589,19.0633580405532,88.66674891042679,parking,1084.0447506004227,982.1543576033838,0.0,0.0,0.0,4.0,4.0,6.944444444444444e-05,6.944444444444444e-05,"[[278502962.92473793, -13368229.266537262, 17852.29484838103, -178.3523727973561], [-13368229.266537264, 246285173.86868867, -593.3577010167883, 16873.819483119612], [17852.29484838103, -593.3577010167883, 1.5626000000000002, 0.0], [-178.3523727973561, 16873.819483119612, 0.0, 1.5626000000000002]]"
2026-07-23 01:53:00,55.16417619977062,19.063686709364234,88.66674891042679,parking,1104.889005791929,981.3731745390911,0.0,0.0,0.0,4.0,4.0,6.944444444444444e-05,6.944444444444444e-05,"[[302747146.9199698, -14942345.55261718, 18859.118734439417, -195.13118338052405], [-14942345.55261718, 266227126.19134456, -643.9569705024959, 17780.54964675655], [18859.118734439417, -643.9569705024959, 1.604266666666667, 0.0], [-195.13118338052405, 17780.54964675655, 0.0, 1.604266666666667]]"
2026-07-23 02:03:00,55.16416029496195,19.064017202541326,88.66674891042679,parking,1125.8489627183178,979.6077407768172,0.0,0.0,0.0,4.0,4.0,6.944444444444444e-05,6.944444444444444e-05,"[[328395041.25422454, -16659952.71219264, 19894.43864991355, -213.0096413744027], [-16659952.712192642, 287222636.5332248, -697.720360012648, 18711.181774126868], [19894.43864991355, -697.720360012648, 1.6459333333333337, 0.0], [-213.0096413744027, 18711.181774126868, 0.0, 1.6459333333333337]]"
2026-07-23 02:13:00,55.164135851425435,19.064348334001984,88.66674891042679,parking,1146.8493997420876,976.894508223098,0.0,0.0,0.0,4.0,4.0,6.944444444444444e-05,6.944444444444444e-05,"[[355484344.37592167, -18531878.634475738, 20958.166445578252, -231.8925292512736], [-18531878.63447574, 309318878.5184584, -754.9758741757076, 19666.315913206367], [20958.166445578252, -754.9758741757076, 1.6876000000000004, 0.0], [-231.8925292512736, 19666.315913206367, 0.0, 1.6876000000000004]]"
2026-07-23 02:23:00,55.16410364505677,19.064677262271147,88.66674891042679,parking,1167.710109830609,973.319601301029,0.0,0.0,0.0,4.0,4.0,6.944444444444444e-05,6.944444444444444e-05,"[[384042636.7068434, -20572793.256714158, 22049.941291625262, -251.4401283441406], [-20572793.256714158, 332594397.50714505, -816.4610188496631, 20647.430281945497], [22049.941291625262, -816.4610188496631, 1.7292666666666672, 0.0], [-251.4401283441406, 20647.430281945497, 0.0, 1.7292666666666672]]"
2026-07-23 02:33:00,55.164063644539155,19.06500398655758,88.66674891042679,parking,1188.4310428033173,968.8795438461701,0.0,0.0,0.0,4.0,4.0,6.944444444444444e-05,6.944444444444444e-05,"[[414111221.73585176, -22794250.57348186, 23169.81742370515, -271.6494486345775], [-22794250.57348186, 357091146.2474399, -882.3808156764154, 21654.77014475198], [23169.81742370515, -882.3808156764154, 1.770933333333334, 0.0], [-271.6494486345775, 21654.77014475198, 0.0, 1.770933333333334]]"
2026-07-23 02:43:00,55.16401581576993,19.065328505511143,88.66674891042679,parking,1209.012113033834,963.5705504622368,0.0,0.0,0.0,4.0,4.0,6.944444444444444e-05,6.944444444444444e-05,"[[445731794.281635, -25208405.26453612, 24317.85356424651, -292.51682591406353], [-25208405.264536116, 382852528.84528816, -952.9484223346545, 22688.59461811384], [24317.85356424651, -952.9484223346545, 1.8126000000000007, 0.0], [-292.51682591406353, 22688.59461811384, 0.0, 1.8126000000000007]]"
2026-07-23 02:53:00,55.163960121788264,19.065650817230487,88.66674891042679,parking,1229.4531999385754,957.3885184968825,0.0,0.0,0.0,4.0,4.0,6.944444444444444e-05,6.944444444444444e-05,"[[478946482.3663836, -27828046.542848784, 25494.11342267244, -314.03793873904965], [-27828046.542848784, 409923486.736375, -1028.3856508345464, 23749.176943999853], [25494.11342267244, -1028.3856508345464, 1.8542666666666674, 0.0], [-314.03793873904965, 23749.176943999853, 0.0, 1.8542666666666674]]"
2026-07-23 03:03:00,55.16389652270184,19.065970919270367,88.66674891042679,parking,1249.754148439085,950.3290199043905,0.0,0.0,0.0,4.0,4.0,6.944444444444444e-05,6.944444444444444e-05,"[[513797892.63624805, -30666634.495129343, 26698.666208058243, -336.20782458800045], [-30666634.495129343, 438350588.45266736, -1108.9235094400597, 24836.804772154614], [26698.666208058243, -1108.9235094400597, 1.8959333333333341, 0.0], [-336.20782458800045, 24836.804772154614, 0.0, 1.8959333333333341]]"
2026-07-23 03:13:00,55.16382512327026,19.066288283886845,88.66674891042679,parking,1269.8814888878978,942.4036829980597,0.0,0.0,0.0,4.0,4.0,6.944444444444444e-05,6.944444444444444e-05,"[[550318288.1041745, -33729826.80027857, 27931.3220398836, -358.61887857824325], [-33729826.80027857, 468185024.6197155, -1194.7541032307138, 25951.862832771698], [27931.3220398836, -1194.7541032307138, 1.9376000000000009, 0.0], [-358.61887857824325, 25951.862832771698, 0.0, 1.9376000000000009]]"
2026-07-23 03:23:00,55.163746222887276,19.066601663762345,88.66674891042679,parking,1289.7561161035464,933.6457404876262,0.0,0.0,0.0,4.0,4.0,6.944444444444444e-05,6.944444444444444e-05,"[[588520779.5253052, -37009217.76898917, 29191.453844091033, -380.23023977394377], [-37009217.768989176, 499484009.46261585, -1285.992350110072, 27094.861701575024], [29191.453844091033, -1285.992350110072, 1.9792666666666676, 0.0], [-380.23023977394377, 27094.861701575024, 0.0, 1.9792666666666676]]"
2026-07-23 03:33:00,55.1636597759647,19.066911018951355,88.66674891042679,parking,1309.375496732503,924.0501320816875,0.0,0.0,0.0,4.0,4.0,6.944444444444444e-05,6.944444444444444e-05,"[[628440262.6891814, -40514198.083573096, 30479.004449985812, -400.8774389343209], [-40514198.083573096, 532300066.2272002, -1382.8648186599016, 28266.13089830217], [30479.004449985812, -1382.8648186599016, 2.020933333333334, 0.0], [-400.8774389343209, 28266.13089830217, 0.0, 2.020933333333334]]"
2026-07-23 03:43:00,55.16356573425379,19.067216306548715,88.66674891042679,parking,1328.7369097187898,913.6115021701552,0.0,0.0,0.0,4.0,4.0,6.944444444444444e-05,6.944444444444444e-05,"[[670111205.7367907, -44254312.79620845, 31793.912654567066, -420.38735337970127], [-44254312.796208456, 566687611.7029182, -1485.6055232045492, 29466.013029426576], [31793.912654567066, -1485.6055232045492, 2.0626000000000007, 0.0], [-420.38735337970127, 29466.013029426576, 0.0, 2.0626000000000007]]"
2026-07-23 03:53:00,55.16346404681951,19.067517480601158,88.66674891042679,parking,1347.8374406952191,902.3241969658958,0.0,0.0,0.0,4.0,4.0,6.944444444444444e-05,6.944444444444444e-05,"[[713567633.2192075, -48239258.70447539, 33136.113299411154, -438.5780528474644], [-48239258.7044754, 602703045.8890738, -1594.456298573867, 30694.863944854224], [33136.113299411154, -1594.456298573867, 2.104266666666667, 0.0], [-438.5780528474644, 30694.863944854224, 0.0, 2.104266666666667]]"
2026-07-23 04:03:00,55.16335466001469,19.067814492018467,88.66674891042679,parking,1366.6739763483804,890.1822616301067,0.0,0.0,0.0,4.0,4.0,6.944444444444444e-05,6.944444444444444e-05,"[[758843111.2972996, -52478881.87494144, 34505.53735388672, -455.25864421823616], [-52478881.874941446, 640404845.056838, -1709.6671930620619, 31953.05289796436], [34505.53735388672, -1709.6671930620619, 2.1459333333333337, 0.0], [-455.25864421823616, 31953.05289796436, 0.0, 2.1459333333333337]]"
2026-07-23 04:13:00,55.1632378164994,19.06810768555894,88.66674891042679,parking,1385.2683813325352,877.2126314330625,0.0,0.0,0.0,4.0,4.0,6.944444444444444e-05,6.944444444444444e-05,"[[805941639.6371446, -56958778.37022142, 35901.479684760874, -469.7625474697501], [-56958778.370221436, 679821653.2466639, -1830.8965024271467, 33240.22390427032], [35901.479684760874, -1830.8965024271467, 2.1876, 0.0], [-469.7625474697501, 33240.22390427032, 0.0, 2.1876]]"
2026-07-23 04:23:00,55.163114175705786,19.06839790186397,88.66674891042679,parking,1403.6739693280012,863.4885033417883,0.0,0.0,0.0,4.0,4.0,6.944444444444444e-05,6.944444444444444e-05,"[[854817729.9223157, -61623624.5793654, 37322.24281752468, -480.69994540495435], [-61623624.57936542, 720931022.4262217, -1956.8652005512183, 34554.898270771155], [37322.24281752468, -1956.8652005512183, 2.2292666666666667, 0.0], [-480.69994540495435, 34554.898270771155, 0.0, 2.2292666666666667]]"
2026-07-23 04:33:00,55.162983707310026,19.068685036782128,88.66674891042679,parking,1421.8841350249686,849.0065114128251,0.0,0.0,0.0,4.0,4.0,6.944444444444444e-05,6.944444444444444e-05,"[[905484826.9228784, -66468013.97554457, 38767.50601237352, -487.70452436990365], [-66468013.975544594, 763778724.0844781, -2087.6055979189236, 35897.243036331434], [38767.50601237352, -2087.6055979189236, 2.2709333333333332, 0.0], [-487.70452436990365, 35897.243036331434, 0.0, 2.2709333333333332]]"
2026-07-23 04:43:00,55.162846380227876,19.068968981257395,88.66674891042679,parking,1439.8919620654183,833.7632052944712,0.0,0.0,0.0,4.0,4.0,6.944444444444444e-05,6.944444444444444e-05,"[[957954422.5474962, -71485336.09124695, 40236.934150078945, -490.3959587769108], [-71485336.09124698, 808411312.4865808, -2223.1446393986025, 37267.428372782895], [40236.934150078945, -2223.1446393986025, 2.3125999999999998, 0.0], [-490.3959587769108, 37267.428372782895, 0.0, 2.3125999999999998]]"
2026-07-23 04:53:00,55.1627021626525,19.06924962124706,88.66674891042679,parking,1457.6902178324633,817.7550544271634,0.0,0.0,0.0,4.0,4.0,6.944444444444444e-05,6.944444444444444e-05,"[[1012236014.8550334, -76667716.76803516, 41730.17786238892, -488.37990433686315], [-76667716.76803519, 854876138.1101471, -2363.503935003801, 38665.62758028454], [41730.17786238892, -2363.503935003801, 2.3542666666666663, 0.0], [-488.37990433686315, 38665.62758028454, 0.0, 2.3542666666666663]]"
2026-07-23 05:03:00,55.16255102209275,19.069526837642492,88.66674891042679,parking,1475.2713484285875,800.978452295389,0.0,0.0,0.0,4.0,4.0,6.944444444444444e-05,6.944444444444444e-05,"[[1068337386.9425261, -82007229.85710748, 43246.878452134624, -481.32583241952153], [-82007229.85710752, 903210161.6961911, -2508.684756508277, 40091.77064839907], [43246.878452134624, -2508.684756508277, 2.395933333333333, 0.0], [-481.32583241952153, 40091.77064839907, 0.0, 2.395933333333333]]"
2026-07-23 05:13:00,55.16239404652205,19.06979965328781,88.66674891042679,parking,1492.5733823918354,783.5541639477425,0.0,0.0,0.0,4.0,4.0,6.944444444444444e-05,6.944444444444444e-05,"[[1126239550.1675255, -87458713.14998884, 44786.17999942042, -468.6678221525643], [-87458713.1499889, 953382684.3777467, -2657.525395472761, 41544.41126490698], [44786.17999942042, -2657.525395472761, 2.4375999999999993, 0.0], [-468.6678221525643, 41544.41126490698, 0.0, 2.4375999999999993]]"
2026-07-23 05:23:00,55.16223376514639,19.07006606225062,88.66674891042679,parking,1509.4691030068634,765.7629312494704,0.0,0.0,0.0,4.0,4.0,6.944444444444444e-05,6.944444444444444e-05,"[[1185883468.8137224, -92916092.28614327, 46346.52273358588, -449.3493789383602], [-92916092.28614335, 1005273288.7523441, -2807.1700030777843, 43020.44800674605], [46346.52273358588, -2807.1700030777843, 2.479266666666666, 0.0], [-449.3493789383602, 43020.44800674605, 0.0, 2.479266666666666]]"
2026-07-23 05:33:00,55.162070214980204,19.07032590522938,88.66674891042679,parking,1525.9484073312826,747.6088628022551,0.0,0.0,0.0,4.0,4.0,6.944444444444444e-05,6.944444444444444e-05,"[[1247263001.9944432, -98350109.8309034, 47927.45746547205, -422.87116324078704], [-98350109.83090346, 1058895668.8610917, -2957.3546882992778, 44519.66135846814], [47927.45746547205, -2957.3546882992778, 2.5209333333333324, 0.0], [-422.87116324078704, 44519.66135846814, 0.0, 2.5209333333333324]]"
2026-07-23 05:43:00,55.16190343304363,19.07057902236298,88.66674891042679,parking,1542.0011569351261,729.0960678429162,0.0,0.0,0.0,4.0,4.0,6.944444444444444e-05,6.944444444444444e-05,"[[1310370261.4198396, -103729537.03891093, 49528.530118914416, -388.7204667730791], [-103729537.038911, 1114262106.9430153, -3107.8096052434, 46041.82247448146], [49528.530118914416, -3107.8096052434, 2.562599999999999, 0.0], [-388.7204667730791, 46041.82247448146, 0.0, 2.562599999999999]]"
2026-07-23 05:53:00,55.1617334563386,19.070825253334583,88.66674891042679,parking,1557.6171844853984,710.2286535846472,0.0,0.0,0.0,4.0,4.0,6.944444444444444e-05,6.944444444444444e-05,"[[1375195686.1531825, -109021181.63101116, 51149.282488579825, -346.3714381550188], [-109021181.63101123, 1171383444.9325216, -3258.2596888240173, 47586.693236407256], [51149.282488579825, -3258.2596888240173, 2.6042666666666654, 0.0], [-346.3714381550188, 47586.693236407256, 0.0, 2.6042666666666654]]"
2026-07-23 06:03:00,55.161560321823806,19.07106443747601,88.66674891042679,parking,1572.7863003682644,691.0107224424471,0.0,0.0,0.0,4.0,4.0,6.944444444444444e-05,6.944444444444444e-05,"[[1441728124.808415, -114189901.7815332, 52789.25299334833, -295.2853170915329], [-114189901.78153327, 1230269058.4448442, -3408.4254199330894, 49154.02631309679], [52789.25299334833, -3408.4254199330894, 2.645933333333332, 0.0], [-295.2853170915329, 49154.02631309679, 0.0, 2.645933333333332]]"
2026-07-23 06:13:00,55.16138620930201,19.071296278663286,88.66674891042679,parking,1587.4897243294067,671.6842325226401,0.0,0.0,0.0,4.0,4.0,6.944444444444444e-05,6.944444444444444e-05,"[[1509991926.0351982, -119203885.33096999, 54448.62934635895, -235.61754363897094], [-119203885.33097005, 1290880439.7236514, -3557.5304551205368, 50742.69584428222], [54448.62934635895, -3557.5304551205368, 2.6875999999999984, 0.0], [-235.61754363897094, 50742.69584428222, 0.0, 2.6875999999999984]]"
2026-07-23 06:23:00,55.16121617377503,19.07152034117851,88.66674891042679,parking,1601.699823034638,652.8102890285236,0.0,0.0,0.0,4.0,4.0,6.944444444444444e-05,6.944444444444444e-05,"[[1580072294.2937214, -124040674.08390765, 56128.64035341235, -168.59015258906754], [-124040674.08390772, 1353110584.5039754, -3704.1221253146196, 52350.394711235684], [56128.64035341235, -3704.1221253146196, 2.729266666666665, 0.0], [-168.59015258906754, 52350.394711235684, 0.0, 2.729266666666665]]"
2026-07-23 06:33:00,55.16105027897686,19.07173653779044,88.66674891042679,parking,1615.4110642577507,634.395966431611,0.0,0.0,0.0,4.0,4.0,6.944444444444444e-05,6.944444444444444e-05,"[[1651975845.090449, -128666899.12307176, 57829.08830085314, -93.84410154146215], [-128666899.12307183, 1416956183.1895583, -3847.8910905261314, 53976.86059815824], [57829.08830085314, -3847.8910905261314, 2.7709333333333315, 0.0], [-93.84410154146215, 53976.86059815824, 0.0, 2.7709333333333315]]"
2026-07-23 06:43:00,55.160888586377276,19.07194478532087,88.66674891042679,parking,1628.6181728168124,616.4480878773952,0.0,0.0,0.0,4.0,4.0,6.944444444444444e-05,6.944444444444444e-05,"[[1725709051.0412579, -133048125.06151424, 59549.780625835076, -11.01547326568739], [-133048125.06151432, 1482413182.5496275, -3988.5309552294707, 55621.83369183348], [59549.780625835076, -3988.5309552294707, 2.812599999999998, 0.0], [-11.01547326568739, 55621.83369183348, 0.0, 2.812599999999998]]"
2026-07-23 06:53:00,55.16073115513917,19.072145004671622,88.66674891042679,parking,1641.3161322859555,598.9732204472431,0.0,0.0,0.0,4.0,4.0,6.944444444444444e-05,6.944444444444444e-05,"[[1801278274.7145925, -137148882.86407667, 61290.529635672705, 80.26451148874317], [-137148882.86407673, 1549476817.3811102, -4125.738655276017, 57285.05653843158], [61290.529635672705, -4125.738655276017, 2.8542666666666645, 0.0], [80.26451148874317, 57285.05653843158, 0.0, 2.8542666666666645]]"
2026-07-23 07:03:00,55.16057804207755,19.07233712084952,88.66674891042679,parking,1653.5001865805823,581.9776706082848,0.0,0.0,0.0,4.0,4.0,6.944444444444444e-05,6.944444444444444e-05,"[[1878689796.8692198, -140932701.94044444, 63051.152171971415, 180.36949313785388], [-140932701.94044453, 1618141638.5238523, -4259.21480799047, 58966.27385242357], [63051.152171971415, -4259.21480799047, 2.895933333333331, 0.0], [180.36949313785388, 58966.27385242357, 0.0, 2.895933333333331]]"
2026-07-23 07:13:00,55.16043058464426,19.072522175062552,88.66674891042679,parking,1665.2363693613647,565.6098955127627,0.0,0.0,0.0,4.0,4.0,6.944444444444444e-05,6.944444444444444e-05,"[[1958036999.191066, -144458143.98335207, 64832.8891153509, 287.5988459263613], [-144458143.98335212, 1688439113.7747326, -4389.801634492735, 60665.809756363684], [64832.8891153509, -4389.801634492735, 2.9375999999999975, 0.0], [287.5988459263613, 60665.809756363684, 0.0, 2.9375999999999975]]"
2026-07-23 07:23:00,55.16029181427245,19.072702758200734,88.66674891042679,parking,1676.6889954977707,550.2063842418751,0.0,0.0,0.0,4.0,4.0,6.944444444444444e-05,6.944444444444444e-05,"[[2039546032.1154928, -147929615.03948376, 66639.05406104053, 397.2683280272064], [-147929615.03948385, 1760461503.538144, -4520.0152648746935, 62384.89304232745], [66639.05406104053, -4520.0152648746935, 2.979266666666664, 0.0], [397.2683280272064, 62384.89304232745, 0.0, 2.979266666666664]]"
2026-07-23 07:33:00,55.16016175634051,19.072878908377785,88.66674891042679,parking,1687.8604821714507,535.7699537964875,0.0,0.0,0.0,4.0,4.0,6.944444444444444e-05,6.944444444444444e-05,"[[2123250236.2801688, -151340103.90514672, 68469.72034279465, 509.4246347653915], [-151340103.90514678, 1834221754.4492664, -4649.7751461616535, 64123.49761939068], [68469.72034279465, -4649.7751461616535, 3.0209333333333306, 0.0], [509.4246347653915, 64123.49761939068, 0.0, 3.0209333333333306]]"
2026-07-23 07:43:00,55.160040433882905,19.073050662961858,88.66674891042679,parking,1698.7531992789793,522.3031610024593,0.0,0.0,0.0,4.0,4.0,6.944444444444444e-05,6.944444444444444e-05,"[[2209183264.752365, -154682427.9482073, 70324.96164586818, 624.1140510345762], [-154682427.94820738, 1909732595.507772, -4779.000975483249, 65881.59416972195], [70324.96164586818, -4779.000975483249, 3.062599999999997, 0.0], [624.1140510345762, 65881.59416972195, 0.0, 3.062599999999997]]"
2026-07-23 07:53:00,55.159927867597204,19.073218058536,88.66674891042679,parking,1709.3694669265103,509.80830328934957,0.0,0.0,0.0,4.0,4.0,6.944444444444444e-05,6.944444444444444e-05,"[[2297379050.7890725, -157949238.50996622, 72204.85149231338, 741.3818496165678], [-157949238.5099663, 1987006436.828618, -4907.612300521732, 67659.14869560694], [72204.85149231338, -4907.612300521732, 3.1042666666666636, 0.0], [741.3818496165678, 67659.14869560694, 0.0, 3.1042666666666636]]"
2026-07-23 08:03:00,55.15982407585121,19.07338113086106,88.66674891042679,parking,1719.7115530754234,498.2874194846125,0.0,0.0,0.0,4.0,4.0,6.944444444444444e-05,6.944444444444444e-05,"[[2387871772.207892, -161133027.15333998, 74109.46271905593, 861.2716615234466], [-161133027.15334004, 2066055258.7767444, -5035.528099954314, 69456.12102507781], [74109.46271905593, -5035.528099954314, 3.14593333333333, 0.0], [861.2716615234466, 69456.12102507781, 0.0, 3.14593333333333]]"
2026-07-23 08:13:00,55.15972893881288,19.07354240690833,88.66674891042679,parking,1729.939718854332,487.72720822981034,0.0,0.0,0.0,4.0,4.0,6.944444444444444e-05,6.944444444444444e-05,"[[2480752870.6343946, -164336705.35414028, 76039.73989934543, 981.7933066095676], [-164336705.35414034, 2146942184.2596579, -5164.102408465713, 71273.19836666979], [76039.73989934543, -5164.102408465713, 3.1875999999999967, 0.0], [981.7933066095676, 71273.19836666979, 0.0, 3.1875999999999967]]"
2026-07-23 08:23:00,55.15964213849179,19.07370776561949,88.66674891042679,parking,1740.4268081606135,478.0923725886474,0.0,0.0,0.0,4.0,4.0,6.944444444444444e-05,6.944444444444444e-05,"[[2576192826.421088, -167826404.28508094, 77997.78433249763, 1098.097035545359], [-167826404.285081, 2229804936.515209, -5296.711295185243, 73112.07238710306], [77997.78433249763, -5296.711295185243, 3.229266666666663, 0.0], [1098.097035545359, 73112.07238710306, 0.0, 3.229266666666663]]"
2026-07-23 08:33:00,55.15956366230791,19.07387728326895,88.66674891042679,parking,1751.1776583360183,469.3815161777571,0.0,0.0,0.0,4.0,4.0,6.944444444444444e-05,6.944444444444444e-05,"[[2674229756.4161654, -171621289.47930852, 79983.61956015845, 1209.9652265276618], [-171621289.47930858, 2314666350.851126, -5433.370291457329, 74972.75198955923], [79983.61956015845, -5433.370291457329, 3.2709333333333297, 0.0], [1209.9652265276618, 74972.75198955923, 0.0, 3.2709333333333297]]"
2026-07-23 08:43:00,55.15949349656491,19.074051030235573,88.66674891042679,parking,1762.196732825131,461.59311870554984,0.0,0.0,0.0,4.0,4.0,6.944444444444444e-05,6.944444444444444e-05,"[[2774901431.47634, -175741306.79568914, 81997.26236196166, 1317.1606842983736], [-175741306.7956892, 2401549074.4789214, -5574.089288303695, 76855.24250091024], [81997.26236196166, -5574.089288303695, 3.312599999999996, 0.0], [1317.1606842983736, 76855.24250091024, 0.0, 3.312599999999996]]"
2026-07-23 08:53:00,55.15943162645842,19.074229071003703,88.66674891042679,parking,1773.488121240535,454.72553688462295,0.0,0.0,0.0,4.0,4.0,6.944444444444444e-05,6.944444444444444e-05,"[[2878245228.143974, -180207260.5045296, 84038.72248713448, 1419.4246539554542], [-180207260.50452965, 2490475500.1028094, -5718.872230268749, 78759.54492507249], [84038.72248713448, -5718.872230268749, 3.3542666666666627, 0.0], [1419.4246539554542, 78759.54492507249, 0.0, 3.3542666666666627]]"
2026-07-23 09:03:00,55.159378036085435,19.074411464164427,88.66674891042679,parking,1785.0555394429314,448.7770054832332,0.0,0.0,0.0,4.0,4.0,6.944444444444444e-05,6.944444444444444e-05,"[[2984298082.3831363, -185040895.96292695, 86108.0024275213, 1516.4747803242117], [-185040895.96292698, 2581467695.0524073, -5867.716785879214, 80685.6551874194], [86108.0024275213, -5867.716785879214, 3.3959333333333293, 0.0], [1516.4747803242117, 80685.6551874194, 0.0, 3.3959333333333293]]"
2026-07-23 09:13:00,55.15933201993289,19.074600182278825,88.66674891042679,parking,1797.024087731172,443.6692125506841,0.0,0.0,0.0,4.0,4.0,6.944444444444444e-05,6.944444444444444e-05,"[[3093104650.6017914, -190311332.63481236, 88205.22082453752, 1607.0209869980536], [-190311332.63481236, 2674540733.8695407, -6021.0161476425865, 82633.42709964902], [88205.22082453752, -6021.0161476425865, 3.4375999999999958, 0.0], [1607.0209869980536, 82633.42709964902, 0.0, 3.4375999999999958]]"
2026-07-23 09:23:00,55.159291948858694,19.074799756222266,88.66674891042679,parking,1809.6811153133685,439.2213233150808,0.0,0.0,0.0,4.0,4.0,6.944444444444444e-05,6.944444444444444e-05,"[[3204715694.7180557, -196156777.59465453, 90330.58892553256, 1688.360407274308], [-196156777.59465456, 2769696400.318895, -6179.713245241735, 84602.46929113725], [90330.58892553256, -6179.713245241735, 3.4792666666666623, 0.0], [1688.360407274308, 84602.46929113725, 0.0, 3.4792666666666623]]"
2026-07-23 09:33:00,55.159257795499364,19.075010233715634,88.66674891042679,parking,1823.0296486591615,435.430300429005,0.0,0.0,0.0,4.0,4.0,6.944444444444444e-05,6.944444444444444e-05,"[[3319157625.161787, -202611622.03489563, 92483.95530791002, 1760.007994991066], [-202611622.0348956, 2866950138.4626064, -6343.765206456435, 86592.69560159241], [92483.95530791002, -6343.765206456435, 3.520933333333329, 0.0], [1760.007994991066, 86592.69560159241, 0.0, 3.520933333333329]]"
2026-07-23 09:43:00,55.15922953125993,19.075231656913278,88.66674891042679,parking,1837.072361207538,432.2929698524124,0.0,0.0,0.0,4.0,4.0,6.944444444444444e-05,6.944444444444444e-05,"[[3436454805.004641, -209711572.62986296, 94665.14573686766, 1821.4499030845811], [-209711572.62986296, 2966317293.8584228, -6513.122409432455, 88604.02270421172], [94665.14573686766, -6513.122409432455, 3.5625999999999953, 0.0], [1821.4499030845811, 88604.02270421172, 0.0, 3.5625999999999953]]"
2026-07-23 09:53:00,55.15920712632322,19.075464062429717,88.66674891042679,parking,1851.8115750602417,429.8060218767652,0.0,0.0,0.0,4.0,4.0,6.944444444444444e-05,6.944444444444444e-05,"[[3556629392.34705, -217493729.82804158, 96873.96212022656, 1872.1419224694262], [-217493729.8280416, 3067813132.2039247, -6687.728478878991, 90636.37026478759], [96873.96212022656, -6687.728478878991, 3.604266666666662, 0.0], [1872.1419224694262, 90636.37026478759, 0.0, 3.604266666666662]]"
2026-07-23 10:03:00,55.15919054965916,19.075707481371325,88.66674891042679,parking,1867.2492629909036,427.9660121667535,0.0,0.0,0.0,4.0,4.0,6.944444444444444e-05,6.944444444444444e-05,"[[3679701185.34544, -225996668.67125773, 99110.18152348742, 1911.507936393845], [-225996668.67125776, 3171452859.5689774, -6867.520284113734, 92689.6611164219], [99110.18152348742, -6867.520284113734, 3.6459333333333284, 0.0], [1911.507936393845, 92689.6611164219, 0.0, 3.6459333333333284]]"
2026-07-23 10:13:00,55.15917881558379,19.075961707576962,88.66674891042679,parking,1883.3723502103644,426.6635298010342,0.0,0.0,0.0,4.0,4.0,6.944444444444444e-05,6.944444444444444e-05,"[[3805696944.5896955, -235255436.70895115, 101373.68272836969, 1938.7036327840708], [-235255436.7089512, 3277218073.4360127, -7052.064300104605, 94763.36734114644], [101373.68272836969, -7052.064300104605, 3.687599999999995, 0.0], [1938.7036327840708, 94763.36734114644, 0.0, 3.687599999999995]]"
2026-07-23 10:23:00,55.15916966922281,19.07622622282914,88.66674891042679,parking,1900.147971240558,425.64828373223986,0.0,0.0,0.0,4.0,4.0,6.944444444444444e-05,6.944444444444444e-05,"[[3934658314.232556, -245298961.68080246, 103664.54392726922, 1952.5400057411844], [-245298961.6808025, 3385040048.5146976, -7240.417189133626, 96856.31156486417], [103664.54392726922, -7240.417189133626, 3.7292666666666614, 0.0], [1952.5400057411844, 96856.31156486417, 0.0, 3.7292666666666614]]"
2026-07-23 10:33:00,55.15916308360495,19.0765010490947,88.66674891042679,parking,1917.577519224285,424.91728014942794,0.0,0.0,0.0,4.0,4.0,6.944444444444444e-05,6.944444444444444e-05,"[[4066606837.1810384, -256168139.56278646, 105982.56908632054, 1952.3886542497387], [-256168139.5627865, 3494924267.2602677, -7432.486607018606, 98968.35287018874], [105982.56908632054, -7432.486607018606, 3.770933333333328, 0.0], [1952.3886542497387, 98968.35287018874, 0.0, 3.770933333333328]]"
2026-07-23 10:43:00,55.15915903091836,19.076786206489658,88.66674891042679,parking,1935.6622699236973,424.467431937695,0.0,0.0,0.0,4.0,4.0,6.944444444444444e-05,6.944444444444444e-05,"[[4201562202.193448, -267904815.11654386, 108327.541959583, 1937.607828534176], [-267904815.11654386, 3606876062.161283, -7628.176434307968, 101099.35470229508], [108327.541959583, -7628.176434307968, 3.8125999999999944, 0.0], [1937.607828534176, 101099.35470229508, 0.0, 3.8125999999999944]]"
2026-07-23 10:53:00,55.159157482512654,19.077081713329253,88.66674891042679,parking,1954.4033848958632,424.2955589043586,0.0,0.0,0.0,4.0,4.0,6.944444444444444e-05,6.944444444444444e-05,"[[4339542143.8051815, -280551783.48938954, 110699.2253835633, 1907.5426160403895], [-280551783.4893896, 3720900653.338387, -7827.3870672028015, 103249.18512456129], [110699.2253835633, -7827.3870672028015, 3.854266666666661, 0.0], [1907.5426160403895, 103249.18512456129, 0.0, 3.854266666666661]]"
2026-07-23 11:03:00,55.15915840890077,19.077387586181306,88.66674891042679,parking,1973.8019148756737,424.39838798552296,0.0,0.0,0.0,4.0,4.0,6.944444444444444e-05,6.944444444444444e-05,"[[4480562342.963846, -294152791.0660647, 113097.36059464667, 1861.525179611492], [-294152791.0660647, 3837003186.9302187, -8030.015731350653, 105417.71706697984], [113097.36059464667, -8030.015731350653, 3.8959333333333275, 0.0], [1861.525179611492, 105417.71706697984, 0.0, 3.8959333333333275]]"
2026-07-23 11:13:00,55.15916098188052,19.07770430416855,88.66674891042679,parking,1993.8882459424967,424.68398873765483,0.0,0.0,0.0,4.0,4.0,6.944444444444444e-05,6.944444444444444e-05,"[[4624725808.419226, -308753600.61930686, 115522.7754432327, 1799.4322810444755], [-308753600.61930686, 3955183821.86033, -8236.400916088738, 107604.7215664825], [115522.7754432327, -8236.400916088738, 3.937599999999994, 0.0], [1799.4322810444755, 107604.7215664825, 0.0, 3.937599999999994]]"
2026-07-23 11:23:00,55.1591633163377,19.078032967461045,88.66674891042679,parking,2014.7321511469765,424.9431134839108,0.0,0.0,0.0,4.0,4.0,6.944444444444444e-05,6.944444444444444e-05,"[[4772347735.49137, -324452800.57787627, 117978.85876572304, 1721.9754991883467], [-324452800.5778762, 4075442193.3143845, -8448.71113765905, 109809.80610051434], [117978.85876572304, -8448.71113765905, 3.9792666666666605, 0.0], [1721.9754991883467, 109809.80610051434, 0.0, 3.9792666666666605]]"
2026-07-23 11:33:00,55.15916539334791,19.07837359967508,88.66674891042679,parking,2036.3351282392018,425.17366161820917,0.0,0.0,0.0,4.0,4.0,6.944444444444444e-05,6.944444444444444e-05,"[[4923493499.074546, -341303409.20760334, 120465.80354980136, 1628.6370174822541], [-341303409.2076033, 4197783026.874611, -8667.063542153244, 112032.83389850696], [120465.80354980136, -8667.063542153244, 4.0209333333333275, 0.0], [1628.6370174822541, 112032.83389850696, 0.0, 4.0209333333333275]]"
2026-07-23 11:43:00,55.1591671936524,19.078726225539317,88.66674891042679,parking,2058.6987455175968,425.3734954162824,0.0,0.0,0.0,4.0,4.0,6.944444444444444e-05,6.944444444444444e-05,"[[5078230160.74718, -359359307.35475606, 122983.80641860489, 1518.9030499745604], [-359359307.35475606, 4322210650.360367, -8891.57635711637, 114273.66660287214], [122983.80641860489, -8891.57635711637, 4.062599999999994, 0.0], [1518.9030499745604, 114273.66660287214, 0.0, 4.062599999999994]]"
2026-07-23 11:53:00,55.159168697656185,19.079090870915717,88.66674891042679,parking,2081.8246431532075,425.5404398363396,0.0,0.0,0.0,4.0,4.0,6.944444444444444e-05,6.944444444444444e-05,"[[5236626520.253225, -378675197.987906, 125533.06757293364, 1392.264577845296], [-378675197.98790604, 4448728975.947469, -9122.36886976081, 116532.16403695676], [125533.06757293364, -9122.36886976081, 4.104266666666661, 0.0], [1392.264577845296, 116532.16403695676, 0.0, 4.104266666666661]]"
2026-07-23 12:03:00,55.15916988542629,19.079467562820145,88.66674891042679,parking,2105.7145344992127,425.6722823174317,0.0,0.0,0.0,4.0,4.0,6.944444444444444e-05,6.944444444444444e-05,"[[5398753165.183348, -399306563.34950435, 128113.79072424433, 1248.2180999435934], [-399306563.3495044, 4577341480.184885, -9359.561402226864, 118808.18395810507], [128113.79072424433, -9359.561402226864, 4.145933333333328, 0.0], [1248.2180999435934, 118808.18395810507, 0.0, 4.145933333333328]]"
2026-07-23 12:13:00,55.15916970491236,19.07985657379089,88.66674891042679,parking,2130.3857039995146,425.6522452712888,0.0,0.0,0.0,4.0,4.0,6.944444444444444e-05,6.944444444444444e-05,"[[5564619638.8761015, -421171808.54736215, 130725.45108274714, 1087.615113036709], [-421171808.5473622, 4708072385.522158, -9601.337009727773, 121102.0334229908], [130725.45108274714, -9601.337009727773, 4.187599999999995, 0.0], [1087.615113036709, 121102.0334229908, 0.0, 4.187599999999995]]"
2026-07-23 12:23:00,55.159165743758244,19.080258499769922,88.66674891042679,parking,2155.875946437272,425.21255716462076,0.0,0.0,0.0,4.0,4.0,6.944444444444444e-05,6.944444444444444e-05,"[[5734142872.616263, -443985733.3080534, 133366.48173630182, 913.2532183774387], [-443985733.30805355, 4840972407.174204, -9843.13022109239, 123414.61003182454], [133366.48173630182, -9843.13022109239, 4.229266666666662, 0.0], [913.2532183774387, 123414.61003182454, 0.0, 4.229266666666662]]"
2026-07-23 12:33:00,55.15915800767225,19.080673374101238,88.66674891042679,parking,2182.1873764969,424.3538516191968,0.0,0.0,0.0,4.0,4.0,6.944444444444444e-05,6.944444444444444e-05,"[[5907379230.953613, -467767950.7710052, 136036.9791454041, 724.927025182804], [-467767950.7710054, 4976038285.694424, -10084.817511947427, 125745.70554048903], [136036.9791454041, -10084.817511947427, 4.270933333333329, 0.0], [724.927025182804, 125745.70554048903, 0.0, 4.270933333333329]]"
2026-07-23 12:43:00,55.159146503070154,19.08110123190808,88.66674891042679,parking,2209.322221702831,423.0768407872016,0.0,0.0,0.0,4.0,4.0,6.944444444444444e-05,6.944444444444444e-05,"[[6084385335.293782, -492537303.0036734, 138737.03408412018, 522.4426751604964], [-492537303.00367343, 5113264443.9901, -10326.270218093456, 128095.09133410196], [138737.03408412018, -10326.270218093456, 4.312599999999996, 0.0], [522.4426751604964, 128095.09133410196, 0.0, 4.312599999999996]]"
2026-07-23 12:53:00,55.15913123708324,19.081542110030362,88.66674891042679,parking,2237.2828184513546,421.38231623938935,0.0,0.0,0.0,4.0,4.0,6.944444444444444e-05,6.944444444444444e-05,"[[6265217996.136019, -518311787.00659597, 141466.73120461885, 305.61808790992313], [-518311787.00659597, 5252642837.58486, -10567.354300126959, 130462.51750434592], [141466.73120461885, -10567.354300126959, 4.354266666666663, 0.0], [305.61808790992313, 130462.51750434592, 0.0, 4.354266666666663]]"
2026-07-23 13:03:00,55.15911221756758,19.081996046956885,88.66674891042679,parking,2266.0716077115767,419.2711500018726,0.0,0.0,0.0,4.0,4.0,6.944444444444444e-05,6.944444444444444e-05,"[[6449934140.822027, -545108479.5058326, 144226.14859727075, 74.28317195626293], [-545108479.5058327, 5394162802.558726, -10807.93010900871, 132847.7119362536], [144226.14859727075, -10807.93010900871, 4.39593333333333, 0.0], [74.28317195626293, 132847.7119362536, 0.0, 4.39593333333333]]"
2026-07-23 13:13:00,55.15908964484318,19.082460682709016,88.66674891042679,parking,2295.538919069611,416.76557759259214,0.0,0.0,0.0,4.0,4.0,6.944444444444444e-05,6.944444444444444e-05,"[[6638531720.139589, -572756726.3736837, 147014.73139433903, -169.6641096094394], [-572756726.3736837, 5537799413.809722, -11045.63882912622, 135250.44871691125], [147014.73139433903, -11045.63882912622, 4.437599999999997, 0.0], [-169.6641096094394, 135250.44871691125, 0.0, 4.437599999999997]]"
2026-07-23 13:23:00,55.15906399562375,19.082930445814867,88.66674891042679,parking,2325.331408436164,413.91851423598405,0.0,0.0,0.0,4.0,4.0,6.944444444444444e-05,6.944444444444444e-05,"[[6830921263.400119, -600815206.4910707, 149831.04321988966, -421.5176062686468], [-600815206.4910709, 5683506031.287267, -11274.981158649654, 137670.5571420999], [149831.04321988966, -11274.981158649654, 4.479266666666664, 0.0], [-421.5176062686468, 137670.5571420999, 0.0, 4.479266666666664]]"
2026-07-23 13:33:00,55.159035314845006,19.083405352558906,88.66674891042679,parking,2355.450108576044,410.73494779570325,0.0,0.0,0.0,4.0,4.0,6.944444444444444e-05,6.944444444444444e-05,"[[7027143435.216138, -629261623.31222, 152675.07493074585, -681.3415174805015], [-629261623.3122202, 5831256440.35823, -11495.517660547948, 140107.66106210256], [152675.07493074585, -11495.517660547948, 4.520933333333331, 0.0], [-681.3415174805015, 140107.66106210256, 0.0, 4.520933333333331]]"
2026-07-23 13:43:00,55.15900364821856,19.08388541896072,88.66674891042679,parking,2385.8960354552864,407.219952259601,0.0,0.0,0.0,4.0,4.0,6.944444444444444e-05,6.944444444444444e-05,"[[7227238700.23057, -658072540.0476373, 155546.81466536713, -949.2061845474785], [-658072540.0476375, 5981021654.477319, -11706.800070831046, 142561.36477836384], [155546.81466536713, -11706.800070831046, 4.562599999999998, 0.0], [-949.2061845474785, 142561.36477836384, 0.0, 4.562599999999998]]"
2026-07-23 13:53:00,55.158969042246355,19.084370660754523,88.66674891042679,parking,2416.670186941564,403.37868934565466,0.0,0.0,0.0,4.0,4.0,6.944444444444444e-05,6.944444444444444e-05,"[[7431247312.128205, -687223378.1838942, 158446.2478063022, -1225.1886427787044], [-687223378.1838944, 6132769845.133742, -11908.37129482122, 145031.2527108054], [158446.2478063022, -11908.37129482122, 4.604266666666665, 0.0], [-1225.1886427787044, 145031.2527108054, 0.0, 4.604266666666665]]"
2026-07-23 14:03:00,55.158931544235195,19.084861093368524,88.66674891042679,parking,2447.773541495392,399.21641010621204,0.0,0.0,0.0,4.0,4.0,6.944444444444444e-05,6.944444444444444e-05,"[[7639209302.738295, -716688417.6047052, 161373.3569372242, -1509.3731783796836], [-716688417.6047053, 6286466275.1980715, -12099.765418944178, 147516.88908820314], [161373.3569372242, -12099.765418944178, 4.645933333333332, 0.0], [-1509.3731783796836, 147516.88908820314, 0.0, 4.645933333333332]]"
2026-07-23 14:13:00,55.158891666308165,19.085356673985086,88.66674891042679,parking,2479.2033836121923,394.7899602060523,0.0,0.0,0.0,4.0,4.0,6.944444444444444e-05,6.944444444444444e-05,"[[7851266367.599179, -746380969.402415, 164329.20436453578, -1800.9152120236022], [-746380969.4024152, 6442108169.599627, -12279.993809197402, 150018.27494723158], [164329.20436453578, -12279.993809197402, 4.687599999999999, 0.0], [-1800.9152120236022, 150018.27494723158, 0.0, 4.687599999999999]]"
2026-07-23 14:23:00,55.15885054401335,19.085857292547374,88.66674891042679,parking,2510.9527334609666,390.22538548126647,0.0,0.0,0.0,4.0,4.0,6.944444444444444e-05,6.944444444444444e-05,"[[8067713949.041173, -776136878.277614, 167316.42886788843, -2097.8804900880095], [-776136878.2776141, 6599750223.737703, -12447.351584315607, 152536.14541996364], [167316.42886788843, -12447.351584315607, 4.729266666666666, 0.0], [-2097.8804900880095, 152536.14541996364, 0.0, 4.729266666666666]]"
2026-07-23 14:33:00,55.15880823227613,19.08636297569402,88.66674891042679,parking,2543.023280469863,385.5287826499239,0.0,0.0,0.0,4.0,4.0,6.944444444444444e-05,6.944444444444444e-05,"[[8288623189.98621, -805933165.6992722, 170335.22257978082, -2400.648665068239], [-805933165.6992724, 6759374439.65598, -12601.315879960579, 155070.26169201283], [170335.22257978082, -12601.315879960579, 4.770933333333333, 0.0], [-2400.648665068239, 155070.26169201283, 0.0, 4.770933333333333]]"
2026-07-23 14:43:00,55.15876478683904,19.086873750318706,88.66674891042679,parking,2575.416730243026,380.7063391334183,0.0,0.0,0.0,4.0,4.0,6.944444444444444e-05,6.944444444444444e-05,"[[8514067037.668897, -835747033.1258802, 173385.7843767001, -2709.626229565703], [-835747033.1258805, 6920962268.930884, -12741.356761218469, 157620.3840551723], [173385.7843767001, -12741.356761218469, 4.8126, 0.0], [-2709.626229565703, 157620.3840551723, 0.0, 4.8126]]"
2026-07-23 14:53:00,55.158720264264836,19.087389643607782,88.66674891042679,parking,2608.1348069453343,375.76433339702714,0.0,0.0,0.0,4.0,4.0,6.944444444444444e-05,6.944444444444444e-05,"[[8744120300.591642, -865555900.5895199, 176468.31977337186, -3025.247109469552], [-865555900.5895201, 7084494667.625282, -12866.937237895258, 160186.2721296663], [176468.31977337186, -12866.937237895258, 4.854266666666667, 0.0], [-3025.247109469552, 160186.2721296663, 0.0, 4.854266666666667]]"
2026-07-23 15:03:00,55.15867472193955,19.08791068307703,88.66674891042679,parking,2641.1792556339924,370.7091352895448,0.0,0.0,0.0,4.0,4.0,6.944444444444444e-05,6.944444444444444e-05,"[[8978859703.91576, -895337443.651856, 179583.0407865922, -3347.9732334982396], [-895337443.6518561, 7249952153.583599, -12977.513276374948, 162767.68508793012], [179583.0407865922, -12977.513276374948, 4.895933333333334, 0.0], [-3347.9732334982396, 162767.68508793012, 0.0, 4.895933333333334]]"
2026-07-23 15:13:00,55.15862960725965,19.088436473476616,88.66674891042679,parking,2674.5250094695625,365.70140582069223,0.0,0.0,0.0,4.0,4.0,6.944444444444444e-05,6.944444444444444e-05,"[[9218665428.985826, -925286775.5934498, 182733.1015647694, -3679.6041034153195], [-925286775.5934498, 7417555274.049934, -13075.346783566309, 165366.80653058708], [182733.1015647694, -13075.346783566309, 4.937600000000001, 0.0], [-3679.6041034153195, 165366.80653058708, 0.0, 4.937600000000001]]"
2026-07-23 15:23:00,55.15858819903642,19.088966088951942,88.66674891042679,parking,2708.113350530027,361.10509304299944,0.0,0.0,0.0,4.0,4.0,6.944444444444444e-05,6.944444444444444e-05,"[[9464365455.625874, -955923854.0777582, 185925.83492930586, -4023.946188552275], [-955923854.0777583, 7587892250.211341, -13166.671565708239, 167989.45591786935], [185925.83492930586, -13166.671565708239, 4.979266666666668, 0.0], [-4023.946188552275, 167989.45591786935, 0.0, 4.979266666666668]]"
2026-07-23 15:33:00,55.158550520564944,19.08949959772509,88.66674891042679,parking,2741.9486054767694,356.92278270903523,0.0,0.0,0.0,4.0,4.0,6.944444444444444e-05,6.944444444444444e-05,"[[9716120112.370207, -987289740.492589, 189161.8763341632, -4381.97105954879], [-987289740.492589, 7761028734.50399, -13251.259933774974, 170636.0955128501], [189161.8763341632, -13251.259933774974, 5.020933333333335, 0.0], [-4381.97105954879, 170636.0955128501, 0.0, 5.020933333333335]]"
2026-07-23 15:43:00,55.158516595386736,19.09003706914847,88.66674891042679,parking,2776.03517265589,353.1570879272064,0.0,0.0,0.0,4.0,4.0,6.944444444444444e-05,6.944444444444444e-05,"[[9973639838.83659, -1019170888.013164, 192437.49994200253, -4754.576854198671], [-1019170888.0131642, 7936985576.992142, -13324.387585963968, 173307.09442079248], [192437.49994200253, -13324.387585963968, 5.0626000000000015, 0.0], [-4754.576854198671, 173307.09442079248, 0.0, 5.0626000000000015]]"
2026-07-23 15:53:00,55.15848644731498,19.090578573599654,88.66674891042679,parking,2810.3775154300783,349.8106519622512,0.0,0.0,0.0,4.0,4.0,6.944444444444444e-05,6.944444444444444e-05,"[[10236109283.536827, -1051081638.8768752, 195744.10644992022, -5142.54958500003], [-1051081638.8768752, 8115735501.819659, -13376.795659722482, 176002.69935553393], [195744.10644992022, -13376.795659722482, 5.1042666666666685, 0.0], [-5142.54958500003, 176002.69935553393, 0.0, 5.1042666666666685]]"
2026-07-23 16:03:00,55.15846010046048,19.091124182372738,88.66674891042679,parking,2844.9801552884,346.8861511129699,0.0,0.0,0.0,4.0,4.0,6.944444444444444e-05,6.944444444444444e-05,"[[10503581719.204561, -1083043984.9782753, 199081.6210054138, -5546.8850005698], [-1083043984.9782755, 8297347262.398541, -13408.29191255072, 178723.36236741912], [199081.6210054138, -13408.29191255072, 5.1459333333333355, 0.0], [-5546.8850005698, 178723.36236741912, 0.0, 5.1459333333333355]]"
2026-07-23 16:13:00,55.15843866704131,19.09167375170186,88.66674891042679,parking,2879.833974564877,344.5070415850849,0.0,0.0,0.0,4.0,4.0,6.944444444444444e-05,6.944444444444444e-05,"[[10776354633.719868, -1115482988.4196048, 202452.1765894413, -5970.331567657693], [-1115482988.419605, 8482361054.702637, -13424.321935676582, 181474.06673495262], [202452.1765894413, -13424.321935676582, 5.187600000000002, 0.0], [-5970.331567657693, 181474.06673495262, 0.0, 5.187600000000002]]"
2026-07-23 16:23:00,55.15842466993437,19.092226875003163,88.66674891042679,parking,2914.9131876131896,342.95336271463697,0.0,0.0,0.0,4.0,4.0,6.944444444444444e-05,6.944444444444444e-05,"[[11055069173.221827, -1149392039.7007935, 205860.88901406343, -6417.983597634071], [-1149392039.7007937, 8671996560.714796, -13438.011703998902, 184266.19688557863], [205860.88901406343, -13438.011703998902, 5.229266666666669, 0.0], [-6417.983597634071, 184266.19688557863, 0.0, 5.229266666666669]]"
2026-07-23 16:33:00,55.158418070990976,19.09278365058956,88.66674891042679,parking,2950.22402946247,342.2208799985202,0.0,0.0,0.0,4.0,4.0,6.944444444444444e-05,6.944444444444444e-05,"[[11339808774.940626, -1184860920.563279, 209307.67222740236, -6891.0184456886145], [-1184860920.5632794, 8866421792.230347, -13449.380744233224, 187100.80783182816], [209307.67222740236, -13449.380744233224, 5.270933333333336, 0.0], [-6891.0184456886145, 187100.80783182816, 0.0, 5.270933333333336]]"
2026-07-23 16:43:00,55.158418833219024,19.09334417398566,88.66674891042679,parking,2985.772558306042,342.3054873112918,0.0,0.0,0.0,4.0,4.0,6.944444444444444e-05,6.944444444444444e-05,"[[11630654819.609781, -1221983343.0421464, 212792.4042850993, -7390.672404150288], [-1221983343.0421472, 9065806218.117485, -13458.41923765996, 189978.93271565594], [212792.4042850993, -13458.41923765996, 5.312600000000003, 0.0], [-7390.672404150288, 189978.93271565594, 0.0, 5.312600000000003]]"
2026-07-23 16:53:00,55.15842692080859,19.093908537739203,88.66674891042679,parking,3021.564643544195,343.2032097528707,0.0,0.0,0.0,4.0,4.0,6.944444444444444e-05,6.944444444444444e-05,"[[11927686525.524094, -1260857188.537783, 216314.92629512353, -7918.245044347975], [-1260857188.5377839, 9270320583.03521, -13465.086442294147, 192901.58087956288], [216314.92629512353, -13465.086442294147, 5.35426666666667, 0.0], [-7918.245044347975, 192901.58087956288, 0.0, 5.35426666666667]]"
2026-07-23 17:03:00,55.158442299158864,19.094476831226874,88.66674891042679,parking,3057.6059534676133,344.9102066334866,0.0,0.0,0.0,4.0,4.0,6.944444444444444e-05,6.944444444444444e-05,"[[12230980856.836063, -1301584762.4059408, 219875.0413766616, -8475.103785088713], [-1301584762.4059417, 9480136703.692654, -13469.309048930767, 195869.73580809365], [219875.0413766616, -13469.309048930767, 5.395933333333337, 0.0], [-8475.103785088713, 195869.73580809365, 0.0, 5.395933333333337]]"
2026-07-23 17:13:00,55.158464419912306,19.095049767194812,88.66674891042679,parking,3093.941690608002,347.3656102655674,0.0,0.0,0.0,4.0,4.0,6.944444444444444e-05,6.944444444444444e-05,"[[12540598396.148718, -1344578316.7064502, 223472.3844176275, -9062.768444102014], [-1344578316.7064512, 9695908522.128431, -13476.1114147405, 198888.8689450434], [223472.3844176275, -13476.1114147405, 5.437600000000004, 0.0], [-9062.768444102014, 198888.8689450434, 0.0, 5.437600000000004]]"
2026-07-23 17:23:00,55.15849201583296,19.095628896649764,88.66674891042679,parking,3130.670220187219,350.4287574583723,0.0,0.0,0.0,4.0,4.0,6.944444444444444e-05,6.944444444444444e-05,"[[12856547806.077095, -1390673353.154362, 227106.11813637224, -9682.822764103334], [-1390673353.154363, 9918967488.40308, -13497.318952631855, 201970.61235551472], [227106.11813637224, -13497.318952631855, 5.479266666666671, 0.0], [-9682.822764103334, 201970.61235551472, 0.0, 5.479266666666671]]"
2026-07-23 17:33:00,55.158525004690944,19.096214316382284,88.66674891042679,parking,3167.797680685585,354.0905206947195,0.0,0.0,0.0,4.0,4.0,6.944444444444444e-05,6.944444444444444e-05,"[[13178849905.991817, -1440012833.0879357, 230775.5243848774, -10336.71363153877], [-1440012833.0879364, 10149551792.882725, -13532.71859766794, 205116.11760920822], [230775.5243848774, -13532.71859766794, 5.520933333333338, 0.0], [-10336.71363153877, 205116.11760920822, 0.0, 5.520933333333338]]"
2026-07-23 17:43:00,55.158563305231546,19.09680612020694,88.66674891042679,parking,3205.3300218454638,358.3418807014583,0.0,0.0,0.0,4.0,4.0,6.944444444444444e-05,6.944444444444444e-05,"[[13507520496.901346, -1492747536.5597682, 234479.83527421855, -11026.005755420392], [-1492747536.5597687, 10387904536.813248, -13582.057180968985, 208326.52306487714], [234479.83527421855, -13582.057180968985, 5.562600000000005, 0.0], [-11026.005755420392, 208326.52306487714, 0.0, 5.562600000000005]]"
2026-07-23 17:53:00,55.15860683711205,19.097404398964976,88.66674891042679,parking,3243.273004840711,363.17391943811543,0.0,0.0,0.0,4.0,4.0,6.944444444444444e-05,6.944444444444444e-05,"[[13842570422.847628, -1549036547.9924595, 238218.23267508158, -11752.38824822128], [-1549036547.99246, 10634273697.082445, -13645.03929957294, 211602.95274496218], [238218.23267508158, -13645.03929957294, 5.604266666666672, 0.0], [-11752.38824822128, 211602.95274496218, 0.0, 5.604266666666672]]"
2026-07-23 18:03:00,55.15865574402865,19.09800876420589,88.66674891042679,parking,3281.6019940465803,368.60258718029905,0.0,0.0,0.0,4.0,4.0,6.944444444444444e-05,6.944444444444444e-05,"[[14183999231.790771, -1609041688.436242, 241989.82025140538, -12517.253514583457], [-1609041688.4362426, 10889123274.869974, -13721.459019227814, 214948.59175384103], [241989.82025140538, -13721.459019227814, 5.645933333333339, 0.0], [-12517.253514583457, 214948.59175384103, 0.0, 5.645933333333339]]"
2026-07-23 18:13:00,55.15870864590542,19.098617486229244,88.66674891042679,parking,3320.207291444662,374.4746955018213,0.0,0.0,0.0,4.0,4.0,6.944444444444444e-05,6.944444444444444e-05,"[[14531430153.66391, -1672725560.8078244, 245790.84610900134, -13317.154618873474], [-1672725560.8078249, 11153038116.57966, -13811.939339631248, 218367.60104340548], [245790.84610900134, -13811.939339631248, 5.687600000000006, 0.0], [-13317.154618873474, 218367.60104340548, 0.0, 5.687600000000006]]"
2026-07-23 18:23:00,55.15876135853388,19.099228694523443,88.66674891042679,parking,3358.970268738634,380.32579726061164,0.0,0.0,0.0,4.0,4.0,6.944444444444444e-05,6.944444444444444e-05,"[[14883969664.803381, -1739762136.5001981, 249613.77684486704, -14143.08274300905], [-1739762136.5001986, 11426000177.591326, -13917.74468541775, 221858.04564055149], [249613.77684486704, -13917.74468541775, 5.729266666666673, 0.0], [-14143.08274300905, 221858.04564055149, 0.0, 5.729266666666673]]"
2026-07-23 18:33:00,55.158813821188694,19.09984241629723,88.66674891042679,parking,3397.8926515135568,386.1491519447822,0.0,0.0,0.0,4.0,4.0,6.944444444444444e-05,6.944444444444444e-05,"[[15241546254.839464, -1810273643.916512, 253457.5765740525, -14996.028706101695], [-1810273643.9165125, 11708295857.728746, -14038.550225330126, 225421.0865100418], [253457.5765740525, -14038.550225330126, 5.77093333333334, 0.0], [-14996.028706101695, 225421.0865100418, 0.0, 5.77093333333334]]"
2026-07-23 18:43:00,55.158865972273624,19.10045867986995,88.66674891042679,parking,3436.9762357895997,391.93792237229457,0.0,0.0,0.0,4.0,4.0,6.944444444444444e-05,6.944444444444444e-05,"[[15604080979.30218, -1884385089.5567892, 257321.16636954516, -15876.999825861009], [-1884385089.5567892, 12000221664.499317, -14174.011606112332, 229057.90756404834], [257321.16636954516, -14174.011606112332, 5.812600000000007, 0.0], [-15876.999825861009, 229057.90756404834, 0.0, 5.812600000000007]]"
2026-07-23 18:53:00,55.158917749267665,19.101077514737945,88.66674891042679,parking,3476.222892231585,397.6851687110324,0.0,0.0,0.0,4.0,4.0,6.944444444444444e-05,6.944444444444444e-05,"[[15971487273.044613, -1962224251.4043112, 261203.42350475263, -16787.018558554486], [-1962224251.4043112, 12302084481.311144, -14323.764240557619, 232769.7157139502], [261203.42350475263, -14323.764240557619, 5.854266666666674, 0.0], [-16787.018558554486, 232769.7157139502, 0.0, 5.854266666666674]]"
2026-07-23 19:03:00,55.15896908867078,19.1016989516421,88.66674891042679,parking,3515.634570433669,403.3838424562021,0.0,0.0,0.0,4.0,4.0,6.944444444444444e-05,6.944444444444444e-05,"[[16343670761.862936, -2043921663.8995483, 265103.1806646583, -17727.1209754015], [-2043921663.8995483, 12614201843.853113, -14487.422597086641, 236557.74092186443], [265103.1806646583, -14487.422597086641, 5.895933333333341, 0.0], [-17727.1209754015, 236557.74092186443, 0.0, 5.895933333333341]]"
2026-07-23 19:13:00,55.159020093325815,19.10232219933441,88.66674891042679,parking,3555.161089256793,409.04535916505364,0.0,0.0,0.0,4.0,4.0,6.944444444444444e-05,6.944444444444444e-05,"[[16720010854.857613, -2128767696.701166, 269015.22923919704, -18696.13929345702], [-2128767696.7011662, 12935606757.204763, -14654.102860858447, 240412.00275654765], [269015.22923919704, -14654.102860858447, 5.937600000000008, 0.0], [-18696.13929345702, 240412.00275654765, 0.0, 5.937600000000008]]"
2026-07-23 19:23:00,55.15907113458352,19.102945349194123,88.66674891042679,parking,3594.6814035133007,414.7109387704668,0.0,0.0,0.0,4.0,4.0,6.944444444444444e-05,6.944444444444444e-05,"[[17099193050.120775, -2214836442.6261096, 272929.2851592763, -19689.466701982372], [-2214836442.6261096, 13263482260.416924, -14798.638547367278, 244306.96782996278], [272929.2851592763, -14798.638547367278, 5.979266666666675, 0.0], [-19689.466701982372, 244306.96782996278, 0.0, 5.979266666666675]]"
2026-07-23 19:33:00,55.15912221843621,19.10356839892587,88.66674891042679,parking,3634.195367629873,420.3812464188321,0.0,0.0,0.0,4.0,4.0,6.944444444444444e-05,6.944444444444444e-05,"[[17481096096.49384, -2302094062.1899295, 276844.51395203266, -20707.332685018624], [-2302094062.1899295, 13597932227.211306, -14920.15123230907, 248242.94469401363], [276844.51395203266, -14920.15123230907, 6.020933333333342, 0.0], [-20707.332685018624, 248242.94469401363, 0.0, 6.020933333333342]]"
2026-07-23 19:43:00,55.15917335088986,19.10419134617412,88.66674891042679,parking,3673.7028322183105,426.056948774309,0.0,0.0,0.0,4.0,4.0,6.944444444444444e-05,6.944444444444444e-05,"[[17865596327.729656, -2390505731.9537997, 280760.07719986537, -21749.96333441631], [-2390505731.953799, 13939062614.648914, -15017.751208140284, 252220.2426228172], [280760.07719986537, -15017.751208140284, 6.062600000000009, 0.0], [-21749.96333441631, 252220.2426228172, 0.0, 6.062600000000009]]"
2026-07-23 19:44:00,55.159176435626804,19.104259921766563,84.05668391254807,ascending,3678.051912815022,426.3993545752603,0.0,0.0,0.0,4.0,4.0,6.944444444444444e-05,6.944444444444444e-05,"[[17904430651.774536, -2401263169.3960466, 281152.6869973252, -21878.321615573084], [-2401263169.396045, 13973509639.268414, -15035.945763194553, 252620.3455374343], [281152.6869973252, -15035.945763194553, 6.066766666666675, 0.0], [-21878.321615573084, 252620.3455374343, 0.0, 6.066766666666675]]"
2026-07-23 19:45:00,55.15917880495348,19.104333285106797,79.44661891466934,ascending,3682.704633530395,426.6623498356222,0.0,0.0,0.0,4.0,4.0,6.944444444444444e-05,6.944444444444444e-05,"[[17943795878.1072, -2413314869.689019, 281547.77458432305, -22023.34517914206], [-2413314869.689018, 14007297010.532454, -15060.286963903493, 253013.77160957517], [281547.77458432305, -15060.286963903493, 6.0709333333333415, 0.0], [-22023.34517914206, 253013.77160957517, 0.0, 6.0709333333333415]]"
2026-07-23 19:46:00,55.15918893055571,19.10440179395481,74.83655391679062,ascending,3687.049481179105,427.7862916833618,0.0,0.0,0.0,4.0,4.0,6.944444444444444e-05,6.944444444444444e-05,"[[17984309293.06176, -2422807120.727559, 281953.2552544725, -22151.486971564253], [-2422807120.7275586, 14036462785.894106, -15061.658147392382, 253366.8827333806], [281953.2552544725, -15061.658147392382, 6.075100000000008, 0.0], [-22151.486971564253, 253366.8827333806, 0.0, 6.075100000000008]]"
2026-07-23 19:47:00,55.15920681613317,19.104465450070215,70.2264889189119,ascending,3691.08656735654,429.7715907816877,0.0,0.0,0.0,4.0,4.0,6.944444444444444e-05,6.944444444444444e-05,"[[18025991384.51627, -2429720781.347392, 282369.3033532815, -22262.55074668381], [-2429720781.3473907, 14060977861.800035, -15040.07927751828, 253679.51177926132], [282369.3033532815, -15040.07927751828, 6.079266666666674, 0.0], [-22262.55074668381, 253679.51177926132, 0.0, 6.079266666666674]]"
2026-07-23 19:48:00,55.15923814453076,19.104533737330307,65.61642392103317,ascending,3695.4173618460477,433.24904291398155,0.0,0.0,0.0,4.0,4.0,6.944444444444444e-05,6.944444444444444e-05,"[[18067373120.25134, -2431404876.029694, 282788.9353328045, -22306.498401864385], [-2431404876.029693, 14081353887.343342, -14997.50107864147, 253956.2140144424], [282788.9353328045, -14997.50107864147, 6.083433333333341, 0.0], [-22306.498401864385, 253956.2140144424, 0.0, 6.083433333333341]]"
2026-07-23 19:49:00,55.15928260834314,19.10460710053507,61.00635892315446,ascending,3700.07007396953,438.18452608839164,0.0,0.0,0.0,4.0,4.0,6.944444444444444e-05,6.944444444444444e-05,"[[18108339582.28144, -2427985716.8613586, 283211.1950319219, -22284.082792218036], [-2427985716.861357, 14097922457.344675, -14935.213470629493, 254199.93529689265], [283211.1950319219, -14935.213470629493, 6.087600000000007, 0.0], [-22284.082792218036, 254199.93529689265, 0.0, 6.087600000000007]]"
2026-07-23 19:50:00,55.159332438620666,19.104687225604437,56.39629392527574,ascending,3705.1516251756225,443.71568689381354,0.0,0.0,0.0,4.0,4.0,6.944444444444444e-05,6.944444444444444e-05,"[[18147941149.07759, -2423222182.4794674, 283624.6771487475, -22238.08307929932], [-2423222182.479467, 14115810930.553864, -14871.931768904838, 254455.67731062064], [283624.6771487475, -14871.931768904838, 6.091766666666674, 0.0], [-22238.08307929932, 254455.67731062064, 0.0, 6.091766666666674]]"
2026-07-23 19:51:00,55.159386291481944,19.104774331799028,51.786228927397026,ascending,3710.6759210255564,449.6933544957864,0.0,0.0,0.0,4.0,4.0,6.944444444444444e-05,6.944444444444444e-05,"[[18186614469.122585, -2417592944.396596, 284031.9033598725, -22178.62211814826], [-2417592944.3965955, 14134411033.552065, -14806.744138869459, 254717.99036642193], [284031.9033598725, -14806.744138869459, 6.09593333333334, 0.0], [-22178.62211814826, 254717.99036642193, 0.0, 6.09593333333334]]"
2026-07-23 19:52:00,55.159442068621786,19.10486873926182,47.17616392951831,ascending,3716.6632650642096,455.884617018036,0.0,0.0,0.0,4.0,4.0,6.944444444444444e-05,6.944444444444444e-05,"[[18225048791.897415, -2411853307.1814885, 284436.8486654231, -22121.633606472613], [-2411853307.181489, 14152767031.6227, -14738.212472730836, 254978.32918371697], [284436.8486654231, -14738.212472730836, 6.1001000000000065, 0.0], [-22121.633606472613, 254978.32918371697, 0.0, 6.1001000000000065]]"
2026-07-23 19:53:00,55.159498699672035,19.104967088189593,42.566098931639594,ascending,3722.9005777615093,462.1706635954095,0.0,0.0,0.0,4.0,4.0,6.944444444444444e-05,6.944444444444444e-05,"[[18262034609.980064, -2405370012.8129478, 284832.0965955869, -22044.24874211207], [-2405370012.812948, 14173302662.783892, -14674.812029875, 255257.9684009383], [284832.0965955869, -14674.812029875, 6.104266666666673, 0.0], [-22044.24874211207, 255257.9684009383, 0.0, 6.104266666666673]]"
2026-07-23 19:54:00,55.15955703755932,19.105080925782136,37.95603393376088,ascending,3730.120185310729,468.6461690837921,0.0,0.0,0.0,4.0,4.0,6.944444444444444e-05,6.944444444444444e-05,"[[18299679481.459435, -2400418933.385762, 285231.4738381849, -21976.576108497346], [-2400418933.385762, 14196879751.718319, -14624.589522815992, 255564.066485835], [285231.4738381849, -14624.589522815992, 6.108433333333339, 0.0], [-21976.576108497346, 255564.066485835, 0.0, 6.108433333333339]]"
2026-07-23 19:55:00,55.159611501117034,19.105203680696185,33.34596893588216,ascending,3737.9053315386104,474.69162399047354,0.0,0.0,0.0,4.0,4.0,6.944444444444444e-05,6.944444444444444e-05,"[[18340513461.57396, -2397076679.936921, 285653.69882254745, -21930.97894958574], [-2397076679.9369206, 14223389349.239992, -14576.791507659866, 255896.40449271922], [285653.69882254745, -14576.791507659866, 6.112600000000006, 0.0], [-21930.97894958574, 255896.40449271922, 0.0, 6.112600000000006]]"
2026-07-23 19:56:00,55.15965988282703,19.10531707146876,28.735903938003446,ascending,3745.096601657989,480.061993799726,0.0,0.0,0.0,4.0,4.0,6.944444444444444e-05,6.944444444444444e-05,"[[18380920148.766666, -2390700075.4467387, 286074.8987852309, -21857.25787405558], [-2390700075.4467387, 14247284552.327276, -14508.109004753805, 256206.60256279845], [286074.8987852309, -14508.109004753805, 6.116766666666672, 0.0], [-21857.25787405558, 256206.60256279845, 0.0, 6.116766666666672]]"
